"dataset","config","metric","value"
"trial_example","1A_ITT_logistic_linear","n_expanded",1939053
"trial_example","1A_ITT_logistic_linear","n_trials",396
"trial_example","1A_ITT_logistic_linear","coef",-0.238419824681668
"trial_example","1A_ITT_logistic_linear","se",0.303182057420927
"trial_example","1A_ITT_logistic_linear","or_hr",0.787871853601624
"trial_example","1A_ITT_logistic_linear","pred_arm0_t0",0.00464000510734841
"trial_example","1A_ITT_logistic_linear","pred_arm1_t0",0.0036615482375949
"trial_example","1A_ITT_logistic_linear","pred_diff_t0",-0.000978456869753508
"trial_example","1A_ITT_logistic_linear","pred_arm0_t5",0.0275577341065936
"trial_example","1A_ITT_logistic_linear","pred_arm1_t5",0.0218304750416947
"trial_example","1A_ITT_logistic_linear","pred_diff_t5",-0.0057272590648989
"trial_example","1A_ITT_logistic_linear","pred_arm0_t10",0.0500261072021404
"trial_example","1A_ITT_logistic_linear","pred_arm1_t10",0.0397764311917017
"trial_example","1A_ITT_logistic_linear","pred_diff_t10",-0.0102496760104387
"trial_example","1A_ITT_logistic_linear","pred_arm0_t15",0.0720689737300845
"trial_example","1A_ITT_logistic_linear","pred_arm1_t15",0.0575089521043161
"trial_example","1A_ITT_logistic_linear","pred_diff_t15",-0.0145600216257684
"trial_example","1A_ITT_logistic_linear","pred_arm0_t20",0.09370519872628
"trial_example","1A_ITT_logistic_linear","pred_arm1_t20",0.075035564873144
"trial_example","1A_ITT_logistic_linear","pred_diff_t20",-0.018669633853136
"trial_example","1A_ITT_logistic_linear","pred_arm0_t25",0.114949838739643
"trial_example","1A_ITT_logistic_linear","pred_arm1_t25",0.0923621611395798
"trial_example","1A_ITT_logistic_linear","pred_diff_t25",-0.022587677600063
"trial_example","1A_ITT_logistic_linear","pred_arm0_t30",0.135815045113248
"trial_example","1A_ITT_logistic_linear","pred_arm1_t30",0.10949330553245
"trial_example","1A_ITT_logistic_linear","pred_diff_t30",-0.0263217395807988
"trial_example","1B_ITT_logistic_quad","n_expanded",1939053
"trial_example","1B_ITT_logistic_quad","n_trials",396
"trial_example","1B_ITT_logistic_quad","coef",-0.266861608021719
"trial_example","1B_ITT_logistic_quad","se",0.310032791861076
"trial_example","1B_ITT_logistic_quad","or_hr",0.765779041809004
"trial_example","1B_ITT_logistic_quad","pred_arm0_t0",0.00452960594737717
"trial_example","1B_ITT_logistic_quad","pred_arm1_t0",0.00347494296277817
"trial_example","1B_ITT_logistic_quad","pred_diff_t0",-0.001054662984599
"trial_example","1B_ITT_logistic_quad","pred_arm0_t5",0.0269940165836881
"trial_example","1B_ITT_logistic_quad","pred_arm1_t5",0.0207992530402691
"trial_example","1B_ITT_logistic_quad","pred_diff_t5",-0.00619476354341897
"trial_example","1B_ITT_logistic_quad","pred_arm0_t10",0.0491646863896916
"trial_example","1B_ITT_logistic_quad","pred_arm1_t10",0.0380407913921352
"trial_example","1B_ITT_logistic_quad","pred_diff_t10",-0.0111238949975564
"trial_example","1B_ITT_logistic_quad","pred_arm0_t15",0.0710526347817658
"trial_example","1B_ITT_logistic_quad","pred_arm1_t15",0.0551993120514458
"trial_example","1B_ITT_logistic_quad","pred_diff_t15",-0.01585332273032
"trial_example","1B_ITT_logistic_quad","pred_arm0_t20",0.0926632754932573
"trial_example","1B_ITT_logistic_quad","pred_arm1_t20",0.0722725288492804
"trial_example","1B_ITT_logistic_quad","pred_diff_t20",-0.0203907466439769
"trial_example","1B_ITT_logistic_quad","pred_arm0_t25",0.113997931201219
"trial_example","1B_ITT_logistic_quad","pred_arm1_t25",0.0892565136047392
"trial_example","1B_ITT_logistic_quad","pred_diff_t25",-0.0247414175964794
"trial_example","1B_ITT_logistic_quad","pred_arm0_t30",0.135055008881242
"trial_example","1B_ITT_logistic_quad","pred_arm1_t30",0.106146042568996
"trial_example","1B_ITT_logistic_quad","pred_diff_t30",-0.0289089663122462
"trial_example","1C_ITT_logistic_cubic","n_expanded",1939053
"trial_example","1C_ITT_logistic_cubic","n_trials",396
"trial_example","1C_ITT_logistic_cubic","coef",-0.280067192485709
"trial_example","1C_ITT_logistic_cubic","se",0.310355245378022
"trial_example","1C_ITT_logistic_cubic","or_hr",0.755732960173558
"trial_example","1C_ITT_logistic_cubic","pred_arm0_t0",0.00432012969699114
"trial_example","1C_ITT_logistic_cubic","pred_arm1_t0",0.00327138749745171
"trial_example","1C_ITT_logistic_cubic","pred_diff_t0",-0.00104874219953943
"trial_example","1C_ITT_logistic_cubic","pred_arm0_t5",0.0260049052623776
"trial_example","1C_ITT_logistic_cubic","pred_arm1_t5",0.0197865747615499
"trial_example","1C_ITT_logistic_cubic","pred_diff_t5",-0.00621833050082776
"trial_example","1C_ITT_logistic_cubic","pred_arm0_t10",0.0478049114436984
"trial_example","1C_ITT_logistic_cubic","pred_arm1_t10",0.0365404462040165
"trial_example","1C_ITT_logistic_cubic","pred_diff_t10",-0.0112644652396818
"trial_example","1C_ITT_logistic_cubic","pred_arm0_t15",0.069678680992847
"trial_example","1C_ITT_logistic_cubic","pred_arm1_t15",0.0534961706486011
"trial_example","1C_ITT_logistic_cubic","pred_diff_t15",-0.0161825103442459
"trial_example","1C_ITT_logistic_cubic","pred_arm0_t20",0.0915779932870247
"trial_example","1C_ITT_logistic_cubic","pred_arm1_t20",0.0706142223624001
"trial_example","1C_ITT_logistic_cubic","pred_diff_t20",-0.0209637709246245
"trial_example","1C_ITT_logistic_cubic","pred_arm0_t25",0.113450606375983
"trial_example","1C_ITT_logistic_cubic","pred_arm1_t25",0.0878532013642399
"trial_example","1C_ITT_logistic_cubic","pred_diff_t25",-0.0255974050117427
"trial_example","1C_ITT_logistic_cubic","pred_arm0_t30",0.135242609365398
"trial_example","1C_ITT_logistic_cubic","pred_arm1_t30",0.105170688247882
"trial_example","1C_ITT_logistic_cubic","pred_diff_t30",-0.0300719211175164
"trial_example","1D_ITT_logistic_ns3","n_expanded",1939053
"trial_example","1D_ITT_logistic_ns3","n_trials",396
"trial_example","1D_ITT_logistic_ns3","coef",-0.278422045127586
"trial_example","1D_ITT_logistic_ns3","se",0.310729027126485
"trial_example","1D_ITT_logistic_ns3","or_hr",0.756977275516838
"trial_example","1D_ITT_logistic_ns3","error",1
"trial_example","1E_ITT_cox_quad","n_expanded",1939053
"trial_example","1E_ITT_cox_quad","n_trials",396
"trial_example","1E_ITT_cox_quad","coef",-0.267416908444826
"trial_example","1E_ITT_cox_quad","se",0.310635171970915
"trial_example","1E_ITT_cox_quad","or_hr",0.765353922428492
"trial_example","1F_PP_logistic_quad_strat","n_expanded",998110
"trial_example","1F_PP_logistic_quad_strat","n_trials",396
"trial_example","1F_PP_logistic_quad_strat","w_mean",1.01084574680793
"trial_example","1F_PP_logistic_quad_strat","w_sd",0.086722786822307
"trial_example","1F_PP_logistic_quad_strat","w_min",0.221395790678561
"trial_example","1F_PP_logistic_quad_strat","w_max",4.37095514527267
"trial_example","1F_PP_logistic_quad_strat","w_ess",990817.275462354
"trial_example","1F_PP_logistic_quad_strat","w_n_truncated",0
"trial_example","1F_PP_logistic_quad_strat","coef",-0.416136223177222
"trial_example","1F_PP_logistic_quad_strat","se",0.408808902731125
"trial_example","1F_PP_logistic_quad_strat","or_hr",0.659590412862477
"trial_example","1F_PP_logistic_quad_strat","pred_arm0_t0",0.0044626729912649
"trial_example","1F_PP_logistic_quad_strat","pred_arm1_t0",0.00295266818497097
"trial_example","1F_PP_logistic_quad_strat","pred_diff_t0",-0.00151000480629393
"trial_example","1F_PP_logistic_quad_strat","pred_arm0_t5",0.0267147676837456
"trial_example","1F_PP_logistic_quad_strat","pred_arm1_t5",0.0178076871050666
"trial_example","1F_PP_logistic_quad_strat","pred_diff_t5",-0.00890708057867895
"trial_example","1F_PP_logistic_quad_strat","pred_arm0_t10",0.0488435682611813
"trial_example","1F_PP_logistic_quad_strat","pred_arm1_t10",0.0327907747957702
"trial_example","1F_PP_logistic_quad_strat","pred_diff_t10",-0.0160527934654111
"trial_example","1F_PP_logistic_quad_strat","pred_arm0_t15",0.0708134103262307
"trial_example","1F_PP_logistic_quad_strat","pred_arm1_t15",0.0478665954108033
"trial_example","1F_PP_logistic_quad_strat","pred_diff_t15",-0.0229468149154274
"trial_example","1F_PP_logistic_quad_strat","pred_arm0_t20",0.0925824557122698
"trial_example","1F_PP_logistic_quad_strat","pred_arm1_t20",0.062998133409482
"trial_example","1F_PP_logistic_quad_strat","pred_diff_t20",-0.0295843223027877
"trial_example","1F_PP_logistic_quad_strat","pred_arm0_t25",0.114105210029276
"trial_example","1F_PP_logistic_quad_strat","pred_arm1_t25",0.078147164605011
"trial_example","1F_PP_logistic_quad_strat","pred_diff_t25",-0.0359580454242648
"trial_example","1F_PP_logistic_quad_strat","pred_arm0_t30",0.13533469387971
"trial_example","1F_PP_logistic_quad_strat","pred_arm1_t30",0.0932747759727728
"trial_example","1F_PP_logistic_quad_strat","pred_diff_t30",-0.0420599179069375
"trial_example","1G_PP_logistic_quad_strat_trunc","n_expanded",998110
"trial_example","1G_PP_logistic_quad_strat_trunc","n_trials",396
"trial_example","1G_PP_logistic_quad_strat_trunc","w_mean",1.01154850534481
"trial_example","1G_PP_logistic_quad_strat_trunc","w_sd",0.0779272248849621
"trial_example","1G_PP_logistic_quad_strat_trunc","w_min",0.612931466176945
"trial_example","1G_PP_logistic_quad_strat_trunc","w_max",1.0846365746094
"trial_example","1G_PP_logistic_quad_strat_trunc","w_ess",992221.385232873
"trial_example","1G_PP_logistic_quad_strat_trunc","w_n_truncated",19435
"trial_example","1G_PP_logistic_quad_strat_trunc","coef",-0.415501077920882
"trial_example","1G_PP_logistic_quad_strat_trunc","se",0.408720734369323
"trial_example","1G_PP_logistic_quad_strat_trunc","or_hr",0.660009481655024
"trial_example","1G_PP_logistic_quad_strat_trunc","pred_arm0_t0",0.00445885064563312
"trial_example","1G_PP_logistic_quad_strat_trunc","pred_arm1_t0",0.00295199366942134
"trial_example","1G_PP_logistic_quad_strat_trunc","pred_diff_t0",-0.00150685697621178
"trial_example","1G_PP_logistic_quad_strat_trunc","pred_arm0_t5",0.0266960977562013
"trial_example","1G_PP_logistic_quad_strat_trunc","pred_arm1_t5",0.0178061734603034
"trial_example","1G_PP_logistic_quad_strat_trunc","pred_diff_t5",-0.00888992429589786
"trial_example","1G_PP_logistic_quad_strat_trunc","pred_arm0_t10",0.0488163695673837
"trial_example","1G_PP_logistic_quad_strat_trunc","pred_arm1_t10",0.0327922695458622
"trial_example","1G_PP_logistic_quad_strat_trunc","pred_diff_t10",-0.0160241000215214
"trial_example","1G_PP_logistic_quad_strat_trunc","pred_arm0_t15",0.0707829908994538
"trial_example","1G_PP_logistic_quad_strat_trunc","pred_arm1_t15",0.0478744208240209
"trial_example","1G_PP_logistic_quad_strat_trunc","pred_diff_t15",-0.0229085700754329
"trial_example","1G_PP_logistic_quad_strat_trunc","pred_arm0_t20",0.092553170462449
"trial_example","1G_PP_logistic_quad_strat_trunc","pred_arm1_t20",0.0630150718312452
"trial_example","1G_PP_logistic_quad_strat_trunc","pred_diff_t20",-0.0295380986312038
"trial_example","1G_PP_logistic_quad_strat_trunc","pred_arm0_t25",0.114080504931182
"trial_example","1G_PP_logistic_quad_strat_trunc","pred_arm1_t25",0.0781754486043982
"trial_example","1G_PP_logistic_quad_strat_trunc","pred_diff_t25",-0.0359050563267834
"trial_example","1G_PP_logistic_quad_strat_trunc","pred_arm0_t30",0.135317147246006
"trial_example","1G_PP_logistic_quad_strat_trunc","pred_arm1_t30",0.093316084672101
"trial_example","1G_PP_logistic_quad_strat_trunc","pred_diff_t30",-0.0420010625739046
"trial_example","1H_PP_logistic_quad_pooled_trunc","n_expanded",998110
"trial_example","1H_PP_logistic_quad_pooled_trunc","n_trials",396
"trial_example","1H_PP_logistic_quad_pooled_trunc","w_mean",1.00890892075017
"trial_example","1H_PP_logistic_quad_pooled_trunc","w_sd",0.0684055430677543
"trial_example","1H_PP_logistic_quad_pooled_trunc","w_min",0.6502553449262
"trial_example","1H_PP_logistic_quad_pooled_trunc","w_max",1.07212945568408
"trial_example","1H_PP_logistic_quad_pooled_trunc","w_ess",993542.645262419
"trial_example","1H_PP_logistic_quad_pooled_trunc","w_n_truncated",19594
"trial_example","1H_PP_logistic_quad_pooled_trunc","coef",-0.421307623625916
"trial_example","1H_PP_logistic_quad_pooled_trunc","se",0.409303096698719
"trial_example","1H_PP_logistic_quad_pooled_trunc","or_hr",0.656188211360827
"trial_example","1H_PP_logistic_quad_pooled_trunc","pred_arm0_t0",0.00447586290502278
"trial_example","1H_PP_logistic_quad_pooled_trunc","pred_arm1_t0",0.00294626757715144
"trial_example","1H_PP_logistic_quad_pooled_trunc","pred_diff_t0",-0.00152959532787134
"trial_example","1H_PP_logistic_quad_pooled_trunc","pred_arm0_t5",0.0267770977327842
"trial_example","1H_PP_logistic_quad_pooled_trunc","pred_arm1_t5",0.0177600797967596
"trial_example","1H_PP_logistic_quad_pooled_trunc","pred_diff_t5",-0.00901701793602461
"trial_example","1H_PP_logistic_quad_pooled_trunc","pred_arm0_t10",0.0489301282831939
"trial_example","1H_PP_logistic_quad_pooled_trunc","pred_arm1_t10",0.0326881033866756
"trial_example","1H_PP_logistic_quad_pooled_trunc","pred_diff_t10",-0.0162420248965183
"trial_example","1H_PP_logistic_quad_pooled_trunc","pred_arm0_t15",0.0709033022834408
"trial_example","1H_PP_logistic_quad_pooled_trunc","pred_arm1_t15",0.0476970926691838
"trial_example","1H_PP_logistic_quad_pooled_trunc","pred_diff_t15",-0.023206209614257
"trial_example","1H_PP_logistic_quad_pooled_trunc","pred_arm0_t20",0.0926585857975428
"trial_example","1H_PP_logistic_quad_pooled_trunc","pred_arm1_t20",0.0627521927045905
"trial_example","1H_PP_logistic_quad_pooled_trunc","pred_diff_t20",-0.0299063930929523
"trial_example","1H_PP_logistic_quad_pooled_trunc","pred_arm0_t25",0.114154120004774
"trial_example","1H_PP_logistic_quad_pooled_trunc","pred_arm1_t25",0.0778173857811379
"trial_example","1H_PP_logistic_quad_pooled_trunc","pred_diff_t25",-0.036336734223636
"trial_example","1H_PP_logistic_quad_pooled_trunc","pred_arm0_t30",0.135346396029834
"trial_example","1H_PP_logistic_quad_pooled_trunc","pred_arm1_t30",0.0928559818077175
"trial_example","1H_PP_logistic_quad_pooled_trunc","pred_diff_t30",-0.0424904142221166
"trial_example","1I_PP_logistic_ns3_strat_trunc","n_expanded",998110
"trial_example","1I_PP_logistic_ns3_strat_trunc","n_trials",396
"trial_example","1I_PP_logistic_ns3_strat_trunc","w_mean",1.01154850534481
"trial_example","1I_PP_logistic_ns3_strat_trunc","w_sd",0.0779272248849621
"trial_example","1I_PP_logistic_ns3_strat_trunc","w_min",0.612931466176945
"trial_example","1I_PP_logistic_ns3_strat_trunc","w_max",1.0846365746094
"trial_example","1I_PP_logistic_ns3_strat_trunc","w_ess",992221.385232873
"trial_example","1I_PP_logistic_ns3_strat_trunc","w_n_truncated",19435
"trial_example","1I_PP_logistic_ns3_strat_trunc","coef",-0.418010384745698
"trial_example","1I_PP_logistic_ns3_strat_trunc","se",0.407352727256963
"trial_example","1I_PP_logistic_ns3_strat_trunc","or_hr",0.658355391536007
"trial_example","1I_PP_logistic_ns3_strat_trunc","error",1
"trial_example","1J_PP_cox_quad_strat_trunc","n_expanded",998110
"trial_example","1J_PP_cox_quad_strat_trunc","n_trials",396
"trial_example","1J_PP_cox_quad_strat_trunc","w_mean",1.01154850534481
"trial_example","1J_PP_cox_quad_strat_trunc","w_sd",0.0779272248849621
"trial_example","1J_PP_cox_quad_strat_trunc","w_min",0.612931466176945
"trial_example","1J_PP_cox_quad_strat_trunc","w_max",1.0846365746094
"trial_example","1J_PP_cox_quad_strat_trunc","w_ess",992221.385232873
"trial_example","1J_PP_cox_quad_strat_trunc","w_n_truncated",19435
"trial_example","1J_PP_cox_quad_strat_trunc","coef",-0.413327667366333
"trial_example","1J_PP_cox_quad_strat_trunc","se",0.405643110988349
"trial_example","1J_PP_cox_quad_strat_trunc","or_hr",0.661445513206337
"trial_example","1K_AT_logistic_quad_strat_trunc","n_expanded",998110
"trial_example","1K_AT_logistic_quad_strat_trunc","n_trials",396
"trial_example","1K_AT_logistic_quad_strat_trunc","w_mean",1.01154850534481
"trial_example","1K_AT_logistic_quad_strat_trunc","w_sd",0.0779272248849621
"trial_example","1K_AT_logistic_quad_strat_trunc","w_min",0.612931466176945
"trial_example","1K_AT_logistic_quad_strat_trunc","w_max",1.0846365746094
"trial_example","1K_AT_logistic_quad_strat_trunc","w_ess",992221.385232873
"trial_example","1K_AT_logistic_quad_strat_trunc","w_n_truncated",19435
"trial_example","1K_AT_logistic_quad_strat_trunc","coef",-0.415501077920882
"trial_example","1K_AT_logistic_quad_strat_trunc","se",0.408720734369323
"trial_example","1K_AT_logistic_quad_strat_trunc","or_hr",0.660009481655024
"trial_example","1K_AT_logistic_quad_strat_trunc","pred_arm0_t0",0.00445885064563312
"trial_example","1K_AT_logistic_quad_strat_trunc","pred_arm1_t0",0.00295199366942134
"trial_example","1K_AT_logistic_quad_strat_trunc","pred_diff_t0",-0.00150685697621178
"trial_example","1K_AT_logistic_quad_strat_trunc","pred_arm0_t5",0.0266960977562013
"trial_example","1K_AT_logistic_quad_strat_trunc","pred_arm1_t5",0.0178061734603034
"trial_example","1K_AT_logistic_quad_strat_trunc","pred_diff_t5",-0.00888992429589786
"trial_example","1K_AT_logistic_quad_strat_trunc","pred_arm0_t10",0.0488163695673837
"trial_example","1K_AT_logistic_quad_strat_trunc","pred_arm1_t10",0.0327922695458622
"trial_example","1K_AT_logistic_quad_strat_trunc","pred_diff_t10",-0.0160241000215214
"trial_example","1K_AT_logistic_quad_strat_trunc","pred_arm0_t15",0.0707829908994538
"trial_example","1K_AT_logistic_quad_strat_trunc","pred_arm1_t15",0.0478744208240209
"trial_example","1K_AT_logistic_quad_strat_trunc","pred_diff_t15",-0.0229085700754329
"trial_example","1K_AT_logistic_quad_strat_trunc","pred_arm0_t20",0.092553170462449
"trial_example","1K_AT_logistic_quad_strat_trunc","pred_arm1_t20",0.0630150718312452
"trial_example","1K_AT_logistic_quad_strat_trunc","pred_diff_t20",-0.0295380986312038
"trial_example","1K_AT_logistic_quad_strat_trunc","pred_arm0_t25",0.114080504931182
"trial_example","1K_AT_logistic_quad_strat_trunc","pred_arm1_t25",0.0781754486043982
"trial_example","1K_AT_logistic_quad_strat_trunc","pred_diff_t25",-0.0359050563267834
"trial_example","1K_AT_logistic_quad_strat_trunc","pred_arm0_t30",0.135317147246006
"trial_example","1K_AT_logistic_quad_strat_trunc","pred_arm1_t30",0.093316084672101
"trial_example","1K_AT_logistic_quad_strat_trunc","pred_diff_t30",-0.0420010625739046
"trial_example","1L_PP_logistic_linear_strat_trunc","n_expanded",998110
"trial_example","1L_PP_logistic_linear_strat_trunc","n_trials",396
"trial_example","1L_PP_logistic_linear_strat_trunc","w_mean",1.01154850534481
"trial_example","1L_PP_logistic_linear_strat_trunc","w_sd",0.0779272248849621
"trial_example","1L_PP_logistic_linear_strat_trunc","w_min",0.612931466176945
"trial_example","1L_PP_logistic_linear_strat_trunc","w_max",1.0846365746094
"trial_example","1L_PP_logistic_linear_strat_trunc","w_ess",992221.385232873
"trial_example","1L_PP_logistic_linear_strat_trunc","w_n_truncated",19435
"trial_example","1L_PP_logistic_linear_strat_trunc","coef",-0.362754765491417
"trial_example","1L_PP_logistic_linear_strat_trunc","se",0.402835631102934
"trial_example","1L_PP_logistic_linear_strat_trunc","or_hr",0.695757036214273
"trial_example","1L_PP_logistic_linear_strat_trunc","pred_arm0_t0",0.00480746955174405
"trial_example","1L_PP_logistic_linear_strat_trunc","pred_arm1_t0",0.00335377717589125
"trial_example","1L_PP_logistic_linear_strat_trunc","pred_diff_t0",-0.0014536923758528
"trial_example","1L_PP_logistic_linear_strat_trunc","pred_arm0_t5",0.0283639521969591
"trial_example","1L_PP_logistic_linear_strat_trunc","pred_arm1_t5",0.0199140319195564
"trial_example","1L_PP_logistic_linear_strat_trunc","pred_diff_t5",-0.00844992027740266
"trial_example","1L_PP_logistic_linear_strat_trunc","pred_arm0_t10",0.0511673782202616
"trial_example","1L_PP_logistic_linear_strat_trunc","pred_arm1_t10",0.0361417202572843
"trial_example","1L_PP_logistic_linear_strat_trunc","pred_diff_t10",-0.0150256579629773
"trial_example","1L_PP_logistic_linear_strat_trunc","pred_arm0_t15",0.0732736734231477
"trial_example","1L_PP_logistic_linear_strat_trunc","pred_arm1_t15",0.0520550331118175
"trial_example","1L_PP_logistic_linear_strat_trunc","pred_diff_t15",-0.0212186403113303
"trial_example","1L_PP_logistic_linear_strat_trunc","pred_arm0_t20",0.0947288911530477
"trial_example","1L_PP_logistic_linear_strat_trunc","pred_arm1_t20",0.0676695577444363
"trial_example","1L_PP_logistic_linear_strat_trunc","pred_diff_t20",-0.0270593334086114
"trial_example","1L_PP_logistic_linear_strat_trunc","pred_arm0_t25",0.115571657716202
"trial_example","1L_PP_logistic_linear_strat_trunc","pred_arm1_t25",0.0829987584062092
"trial_example","1L_PP_logistic_linear_strat_trunc","pred_diff_t25",-0.032572899309993
"trial_example","1L_PP_logistic_linear_strat_trunc","pred_arm0_t30",0.135834955361785
"trial_example","1L_PP_logistic_linear_strat_trunc","pred_arm1_t30",0.0980543642401008
"trial_example","1L_PP_logistic_linear_strat_trunc","pred_diff_t30",-0.0377805911216846
"nhefs_synth","2A_ITT_logistic_quad","n_expanded",14612
"nhefs_synth","2A_ITT_logistic_quad","n_trials",1
"nhefs_synth","2A_ITT_logistic_quad","coef",-0.33219087187463
"nhefs_synth","2A_ITT_logistic_quad","se",0.135678272885025
"nhefs_synth","2A_ITT_logistic_quad","or_hr",0.71735038777305
"nhefs_synth","2A_ITT_logistic_quad","pred_arm0_t0",0.019108853122884
"nhefs_synth","2A_ITT_logistic_quad","pred_arm1_t0",0.0137961783734847
"nhefs_synth","2A_ITT_logistic_quad","pred_diff_t0",-0.00531267474939934
"nhefs_synth","2A_ITT_logistic_quad","pred_arm0_t1",0.0390506070507287
"nhefs_synth","2A_ITT_logistic_quad","pred_arm1_t1",0.0282921468688757
"nhefs_synth","2A_ITT_logistic_quad","pred_diff_t1",-0.010758460181853
"nhefs_synth","2A_ITT_logistic_quad","pred_arm0_t2",0.059740592657059
"nhefs_synth","2A_ITT_logistic_quad","pred_arm1_t2",0.0434405072083158
"nhefs_synth","2A_ITT_logistic_quad","pred_diff_t2",-0.0163000854487432
"nhefs_synth","2A_ITT_logistic_quad","pred_arm0_t3",0.0810829870554223
"nhefs_synth","2A_ITT_logistic_quad","pred_arm1_t3",0.0591848745965867
"nhefs_synth","2A_ITT_logistic_quad","pred_diff_t3",-0.0218981124588356
"nhefs_synth","2A_ITT_logistic_quad","pred_arm0_t4",0.102972528860911
"nhefs_synth","2A_ITT_logistic_quad","pred_arm1_t4",0.0754606606753072
"nhefs_synth","2A_ITT_logistic_quad","pred_diff_t4",-0.0275118681856041
"nhefs_synth","2A_ITT_logistic_quad","pred_arm0_t5",0.125296507682394
"nhefs_synth","2A_ITT_logistic_quad","pred_arm1_t5",0.0921960798340274
"nhefs_synth","2A_ITT_logistic_quad","pred_diff_t5",-0.0331004278483661
"nhefs_synth","2A_ITT_logistic_quad","pred_arm0_t6",0.14793695054409
"nhefs_synth","2A_ITT_logistic_quad","pred_arm1_t6",0.109313345698904
"nhefs_synth","2A_ITT_logistic_quad","pred_diff_t6",-0.0386236048451863
"nhefs_synth","2A_ITT_logistic_quad","pred_arm0_t7",0.170772919285468
"nhefs_synth","2A_ITT_logistic_quad","pred_arm1_t7",0.126730016144844
"nhefs_synth","2A_ITT_logistic_quad","pred_diff_t7",-0.0440429031406233
"nhefs_synth","2A_ITT_logistic_quad","pred_arm0_t8",0.193682829836318
"nhefs_synth","2A_ITT_logistic_quad","pred_arm1_t8",0.144360439116218
"nhefs_synth","2A_ITT_logistic_quad","pred_diff_t8",-0.0493223907201
"nhefs_synth","2A_ITT_logistic_quad","pred_arm0_t9",0.216546706666314
"nhefs_synth","2A_ITT_logistic_quad","pred_arm1_t9",0.162117248268053
"nhefs_synth","2A_ITT_logistic_quad","pred_diff_t9",-0.0544294583982603
"nhefs_synth","2B_ITT_logistic_linear","n_expanded",14612
"nhefs_synth","2B_ITT_logistic_linear","n_trials",1
"nhefs_synth","2B_ITT_logistic_linear","coef",-0.332081817916847
"nhefs_synth","2B_ITT_logistic_linear","se",0.135690079257413
"nhefs_synth","2B_ITT_logistic_linear","or_hr",0.717428621937749
"nhefs_synth","2B_ITT_logistic_linear","pred_arm0_t0",0.0196360178746386
"nhefs_synth","2B_ITT_logistic_linear","pred_arm1_t0",0.0141808018974461
"nhefs_synth","2B_ITT_logistic_linear","pred_diff_t0",-0.00545521597719256
"nhefs_synth","2B_ITT_logistic_linear","pred_arm0_t1",0.0397605663845766
"nhefs_synth","2B_ITT_logistic_linear","pred_arm1_t1",0.0288147197088323
"nhefs_synth","2B_ITT_logistic_linear","pred_diff_t1",-0.0109458466757443
"nhefs_synth","2B_ITT_logistic_linear","pred_arm0_t2",0.060362938321478
"nhefs_synth","2B_ITT_logistic_linear","pred_arm1_t2",0.0439037382208745
"nhefs_synth","2B_ITT_logistic_linear","pred_diff_t2",-0.0164592001006035
"nhefs_synth","2B_ITT_logistic_linear","pred_arm0_t3",0.0814301757532706
"nhefs_synth","2B_ITT_logistic_linear","pred_arm1_t3",0.0594485937418544
"nhefs_synth","2B_ITT_logistic_linear","pred_diff_t3",-0.0219815820114162
"nhefs_synth","2B_ITT_logistic_linear","pred_arm0_t4",0.102946973217865
"nhefs_synth","2B_ITT_logistic_linear","pred_arm1_t4",0.075448666050847
"nhefs_synth","2B_ITT_logistic_linear","pred_diff_t4",-0.0274983071670175
"nhefs_synth","2B_ITT_logistic_linear","pred_arm0_t5",0.1248955912696
"nhefs_synth","2B_ITT_logistic_linear","pred_arm1_t5",0.0919018693990625
"nhefs_synth","2B_ITT_logistic_linear","pred_diff_t5",-0.0329937218705376
"nhefs_synth","2B_ITT_logistic_linear","pred_arm0_t6",0.147255782458228
"nhefs_synth","2B_ITT_logistic_linear","pred_arm1_t6",0.108804543548362
"nhefs_synth","2B_ITT_logistic_linear","pred_diff_t6",-0.0384512389098658
"nhefs_synth","2B_ITT_logistic_linear","pred_arm0_t7",0.170004731895913
"nhefs_synth","2B_ITT_logistic_linear","pred_arm1_t7",0.126151345964808
"nhefs_synth","2B_ITT_logistic_linear","pred_diff_t7",-0.0438533859311049
"nhefs_synth","2B_ITT_logistic_linear","pred_arm0_t8",0.193117014614819
"nhefs_synth","2B_ITT_logistic_linear","pred_arm1_t8",0.143935146419532
"nhefs_synth","2B_ITT_logistic_linear","pred_diff_t8",-0.0491818681952867
"nhefs_synth","2B_ITT_logistic_linear","pred_arm0_t9",0.216564571930912
"nhefs_synth","2B_ITT_logistic_linear","pred_arm1_t9",0.162146925382698
"nhefs_synth","2B_ITT_logistic_linear","pred_diff_t9",-0.0544176465482148
"nhefs_synth","2C_ITT_cox_quad","n_expanded",14612
"nhefs_synth","2C_ITT_cox_quad","n_trials",1
"nhefs_synth","2C_ITT_cox_quad","coef",-0.328546941405847
"nhefs_synth","2C_ITT_cox_quad","se",0.133857603540406
"nhefs_synth","2C_ITT_cox_quad","or_hr",0.719969131069405
"nhefs_synth","2D_ITT_logistic_ns3","n_expanded",14612
"nhefs_synth","2D_ITT_logistic_ns3","n_trials",1
"nhefs_synth","2D_ITT_logistic_ns3","coef",-0.332449038311614
"nhefs_synth","2D_ITT_logistic_ns3","se",0.135645602461388
"nhefs_synth","2D_ITT_logistic_ns3","or_hr",0.717165215882982
"nhefs_synth","2D_ITT_logistic_ns3","error",1
"nhefs_synth","2E_ITT_logistic_cubic","n_expanded",14612
"nhefs_synth","2E_ITT_logistic_cubic","n_trials",1
"nhefs_synth","2E_ITT_logistic_cubic","coef",-0.332756568126756
"nhefs_synth","2E_ITT_logistic_cubic","se",0.135696896622165
"nhefs_synth","2E_ITT_logistic_cubic","or_hr",0.716944700106041
"nhefs_synth","2E_ITT_logistic_cubic","pred_arm0_t0",0.0223169289738275
"nhefs_synth","2E_ITT_logistic_cubic","pred_arm1_t0",0.0161207482256883
"nhefs_synth","2E_ITT_logistic_cubic","pred_diff_t0",-0.00619618074813921
"nhefs_synth","2E_ITT_logistic_cubic","pred_arm0_t1",0.0411545268975808
"nhefs_synth","2E_ITT_logistic_cubic","pred_arm1_t1",0.0298164743001428
"nhefs_synth","2E_ITT_logistic_cubic","pred_diff_t1",-0.011338052597438
"nhefs_synth","2E_ITT_logistic_cubic","pred_arm0_t2",0.0592261683220519
"nhefs_synth","2E_ITT_logistic_cubic","pred_arm1_t2",0.0430384018246304
"nhefs_synth","2E_ITT_logistic_cubic","pred_diff_t2",-0.0161877664974215
"nhefs_synth","2E_ITT_logistic_cubic","pred_arm0_t3",0.078166819097287
"nhefs_synth","2E_ITT_logistic_cubic","pred_arm1_t3",0.0569893966416133
"nhefs_synth","2E_ITT_logistic_cubic","pred_diff_t3",-0.0211774224556737
"nhefs_synth","2E_ITT_logistic_cubic","pred_arm0_t4",0.0990272108885455
"nhefs_synth","2E_ITT_logistic_cubic","pred_arm1_t4",0.0724701775608139
"nhefs_synth","2E_ITT_logistic_cubic","pred_diff_t4",-0.0265570333277316
"nhefs_synth","2E_ITT_logistic_cubic","pred_arm0_t5",0.122263752154445
"nhefs_synth","2E_ITT_logistic_cubic","pred_arm1_t5",0.0898617673172843
"nhefs_synth","2E_ITT_logistic_cubic","pred_diff_t5",-0.0324019848371604
"nhefs_synth","2E_ITT_logistic_cubic","pred_arm0_t6",0.147486798011808
"nhefs_synth","2E_ITT_logistic_cubic","pred_arm1_t6",0.108919135982169
"nhefs_synth","2E_ITT_logistic_cubic","pred_diff_t6",-0.0385676620296386
"nhefs_synth","2E_ITT_logistic_cubic","pred_arm0_t7",0.173233800280606
"nhefs_synth","2E_ITT_logistic_cubic","pred_arm1_t7",0.128565159029461
"nhefs_synth","2E_ITT_logistic_cubic","pred_diff_t7",-0.0446686412511448
"nhefs_synth","2E_ITT_logistic_cubic","pred_arm0_t8",0.197121126903851
"nhefs_synth","2E_ITT_logistic_cubic","pred_arm1_t8",0.146964028268482
"nhefs_synth","2E_ITT_logistic_cubic","pred_diff_t8",-0.0501570986353692
"nhefs_synth","2E_ITT_logistic_cubic","pred_arm0_t9",0.216601899003736
"nhefs_synth","2E_ITT_logistic_cubic","pred_arm1_t9",0.162087019375448
"nhefs_synth","2E_ITT_logistic_cubic","pred_diff_t9",-0.0545148796282882
"ccw_simulated","3A_ITT_logistic_quad_mfu12","n_expanded",319637
"ccw_simulated","3A_ITT_logistic_quad_mfu12","n_trials",24
"ccw_simulated","3A_ITT_logistic_quad_mfu12","error",1
"ccw_simulated","3B_PP_logistic_quad_strat_trunc_mfu12","n_expanded",343583
"ccw_simulated","3B_PP_logistic_quad_strat_trunc_mfu12","n_trials",24
"ccw_simulated","3B_PP_logistic_quad_strat_trunc_mfu12","w_mean",1.00484477723558
"ccw_simulated","3B_PP_logistic_quad_strat_trunc_mfu12","w_sd",0.0207244940514837
"ccw_simulated","3B_PP_logistic_quad_strat_trunc_mfu12","w_min",0.959637002842388
"ccw_simulated","3B_PP_logistic_quad_strat_trunc_mfu12","w_max",1.04844299691904
"ccw_simulated","3B_PP_logistic_quad_strat_trunc_mfu12","w_ess",343436.911637636
"ccw_simulated","3B_PP_logistic_quad_strat_trunc_mfu12","w_n_truncated",6841
"ccw_simulated","3B_PP_logistic_quad_strat_trunc_mfu12","error",1
"ccw_simulated","3C_PP_logistic_linear_pooled_trunc_mfu12","n_expanded",343583
"ccw_simulated","3C_PP_logistic_linear_pooled_trunc_mfu12","n_trials",24
"ccw_simulated","3C_PP_logistic_linear_pooled_trunc_mfu12","w_mean",1.00484477723558
"ccw_simulated","3C_PP_logistic_linear_pooled_trunc_mfu12","w_sd",0.0207244940514837
"ccw_simulated","3C_PP_logistic_linear_pooled_trunc_mfu12","w_min",0.959637002842388
"ccw_simulated","3C_PP_logistic_linear_pooled_trunc_mfu12","w_max",1.04844299691904
"ccw_simulated","3C_PP_logistic_linear_pooled_trunc_mfu12","w_ess",343436.911637636
"ccw_simulated","3C_PP_logistic_linear_pooled_trunc_mfu12","w_n_truncated",6841
"ccw_simulated","3C_PP_logistic_linear_pooled_trunc_mfu12","error",1
"ccw_simulated","3D_PP_cox_quad_strat_trunc_mfu12","n_expanded",343583
"ccw_simulated","3D_PP_cox_quad_strat_trunc_mfu12","n_trials",24
"ccw_simulated","3D_PP_cox_quad_strat_trunc_mfu12","w_mean",1.00484477723558
"ccw_simulated","3D_PP_cox_quad_strat_trunc_mfu12","w_sd",0.0207244940514837
"ccw_simulated","3D_PP_cox_quad_strat_trunc_mfu12","w_min",0.959637002842388
"ccw_simulated","3D_PP_cox_quad_strat_trunc_mfu12","w_max",1.04844299691904
"ccw_simulated","3D_PP_cox_quad_strat_trunc_mfu12","w_ess",343436.911637636
"ccw_simulated","3D_PP_cox_quad_strat_trunc_mfu12","w_n_truncated",6841
"ccw_simulated","3D_PP_cox_quad_strat_trunc_mfu12","coef",NA
"ccw_simulated","3D_PP_cox_quad_strat_trunc_mfu12","se",0
"ccw_simulated","3D_PP_cox_quad_strat_trunc_mfu12","or_hr",NA
"ccw_simulated","3E_AT_logistic_quad_strat_trunc_mfu12","n_expanded",343583
"ccw_simulated","3E_AT_logistic_quad_strat_trunc_mfu12","n_trials",24
"ccw_simulated","3E_AT_logistic_quad_strat_trunc_mfu12","w_mean",1.00484477723558
"ccw_simulated","3E_AT_logistic_quad_strat_trunc_mfu12","w_sd",0.0207244940514837
"ccw_simulated","3E_AT_logistic_quad_strat_trunc_mfu12","w_min",0.959637002842388
"ccw_simulated","3E_AT_logistic_quad_strat_trunc_mfu12","w_max",1.04844299691904
"ccw_simulated","3E_AT_logistic_quad_strat_trunc_mfu12","w_ess",343436.911637636
"ccw_simulated","3E_AT_logistic_quad_strat_trunc_mfu12","w_n_truncated",6841
"ccw_simulated","3E_AT_logistic_quad_strat_trunc_mfu12","error",1
"null_effect","4A_ITT_logistic_quad","n_expanded",67130
"null_effect","4A_ITT_logistic_quad","n_trials",6
"null_effect","4A_ITT_logistic_quad","coef",0.0129557216835222
"null_effect","4A_ITT_logistic_quad","se",0.140504350604278
"null_effect","4A_ITT_logistic_quad","or_hr",1.01304001066053
"null_effect","4A_ITT_logistic_quad","pred_arm0_t0",0.0124206523623005
"null_effect","4A_ITT_logistic_quad","pred_arm1_t0",0.0125804159346381
"null_effect","4A_ITT_logistic_quad","pred_diff_t0",0.000159763572337601
"null_effect","4A_ITT_logistic_quad","pred_arm0_t3",0.0522739279380757
"null_effect","4A_ITT_logistic_quad","pred_arm1_t3",0.0529309068574908
"null_effect","4A_ITT_logistic_quad","pred_diff_t3",0.000656978919415074
"null_effect","4A_ITT_logistic_quad","pred_arm0_t6",0.0933485354190116
"null_effect","4A_ITT_logistic_quad","pred_arm1_t6",0.0944929546033466
"null_effect","4A_ITT_logistic_quad","pred_diff_t6",0.00114441918433505
"null_effect","4A_ITT_logistic_quad","pred_arm0_t9",0.132177516095152
"null_effect","4A_ITT_logistic_quad","pred_arm1_t9",0.13375880586494
"null_effect","4A_ITT_logistic_quad","pred_diff_t9",0.00158128976978855
"null_effect","4A_ITT_logistic_quad","pred_arm0_t12",0.165974843034473
"null_effect","4A_ITT_logistic_quad","pred_arm1_t12",0.1679169960454
"null_effect","4A_ITT_logistic_quad","pred_diff_t12",0.00194215301092726
"null_effect","4B_PP_logistic_quad_strat_trunc","n_expanded",53925
"null_effect","4B_PP_logistic_quad_strat_trunc","n_trials",6
"null_effect","4B_PP_logistic_quad_strat_trunc","w_mean",0.998416507278502
"null_effect","4B_PP_logistic_quad_strat_trunc","w_sd",0.0674492077161182
"null_effect","4B_PP_logistic_quad_strat_trunc","w_min",0.728378340011007
"null_effect","4B_PP_logistic_quad_strat_trunc","w_max",1.33469654610188
"null_effect","4B_PP_logistic_quad_strat_trunc","w_ess",53680.0176502112
"null_effect","4B_PP_logistic_quad_strat_trunc","w_n_truncated",1078
"null_effect","4B_PP_logistic_quad_strat_trunc","coef",0.118437453332118
"null_effect","4B_PP_logistic_quad_strat_trunc","se",0.216896481863931
"null_effect","4B_PP_logistic_quad_strat_trunc","or_hr",1.12573646083541
"null_effect","4B_PP_logistic_quad_strat_trunc","pred_arm0_t0",0.0119522083760694
"null_effect","4B_PP_logistic_quad_strat_trunc","pred_arm1_t0",0.0134329882674382
"null_effect","4B_PP_logistic_quad_strat_trunc","pred_diff_t0",0.00148077989136886
"null_effect","4B_PP_logistic_quad_strat_trunc","pred_arm0_t3",0.0503581267068424
"null_effect","4B_PP_logistic_quad_strat_trunc","pred_arm1_t3",0.0564430003364028
"null_effect","4B_PP_logistic_quad_strat_trunc","pred_diff_t3",0.00608487362956045
"null_effect","4B_PP_logistic_quad_strat_trunc","pred_arm0_t6",0.088724934059509
"null_effect","4B_PP_logistic_quad_strat_trunc","pred_arm1_t6",0.0991732226155995
"null_effect","4B_PP_logistic_quad_strat_trunc","pred_diff_t6",0.0104482885560905
"null_effect","4B_PP_logistic_quad_strat_trunc","pred_arm0_t9",0.122462149229877
"null_effect","4B_PP_logistic_quad_strat_trunc","pred_arm1_t9",0.136550760439699
"null_effect","4B_PP_logistic_quad_strat_trunc","pred_diff_t9",0.0140886112098219
"null_effect","4B_PP_logistic_quad_strat_trunc","pred_arm0_t12",0.148697729797701
"null_effect","4B_PP_logistic_quad_strat_trunc","pred_arm1_t12",0.165489158976574
"null_effect","4B_PP_logistic_quad_strat_trunc","pred_diff_t12",0.0167914291788724
"null_effect","4C_ITT_cox_quad","n_expanded",67130
"null_effect","4C_ITT_cox_quad","n_trials",6
"null_effect","4C_ITT_cox_quad","coef",0.012565809062133
"null_effect","4C_ITT_cox_quad","se",0.139439161572442
"null_effect","4C_ITT_cox_quad","or_hr",1.01264509057157
"ipcw_dgp","5A_PP_logistic_quad_iptw_only","n_expanded",36987
"ipcw_dgp","5A_PP_logistic_quad_iptw_only","n_trials",5
"ipcw_dgp","5A_PP_logistic_quad_iptw_only","w_mean",1.00128965840018
"ipcw_dgp","5A_PP_logistic_quad_iptw_only","w_sd",0.015740533633951
"ipcw_dgp","5A_PP_logistic_quad_iptw_only","w_min",0.924850448803537
"ipcw_dgp","5A_PP_logistic_quad_iptw_only","w_max",1.0569974908998
"ipcw_dgp","5A_PP_logistic_quad_iptw_only","w_ess",36977.8620348423
"ipcw_dgp","5A_PP_logistic_quad_iptw_only","w_n_truncated",738
"ipcw_dgp","5A_PP_logistic_quad_iptw_only","coef",-0.233941664940437
"ipcw_dgp","5A_PP_logistic_quad_iptw_only","se",0.209689843183238
"ipcw_dgp","5A_PP_logistic_quad_iptw_only","or_hr",0.791407981380771
"ipcw_dgp","5A_PP_logistic_quad_iptw_only","pred_arm0_t0",0.0164866531495499
"ipcw_dgp","5A_PP_logistic_quad_iptw_only","pred_arm1_t0",0.0131050738824997
"ipcw_dgp","5A_PP_logistic_quad_iptw_only","pred_diff_t0",-0.00338157926705018
"ipcw_dgp","5A_PP_logistic_quad_iptw_only","pred_arm0_t3",0.0713716959816209
"ipcw_dgp","5A_PP_logistic_quad_iptw_only","pred_arm1_t3",0.0571686803785387
"ipcw_dgp","5A_PP_logistic_quad_iptw_only","pred_diff_t3",-0.0142030156030821
"ipcw_dgp","5A_PP_logistic_quad_iptw_only","pred_arm0_t6",0.134027472423177
"ipcw_dgp","5A_PP_logistic_quad_iptw_only","pred_arm1_t6",0.108324358030154
"ipcw_dgp","5A_PP_logistic_quad_iptw_only","pred_diff_t6",-0.0257031143930233
"ipcw_dgp","5A_PP_logistic_quad_iptw_only","pred_arm0_t9",0.203458081239669
"ipcw_dgp","5A_PP_logistic_quad_iptw_only","pred_arm1_t9",0.166140135847884
"ipcw_dgp","5A_PP_logistic_quad_iptw_only","pred_diff_t9",-0.0373179453917855
"ipcw_dgp","5B_PP_logistic_quad_iptw_ipcw","n_expanded",36987
"ipcw_dgp","5B_PP_logistic_quad_iptw_ipcw","n_trials",5
"ipcw_dgp","5B_PP_logistic_quad_iptw_ipcw","w_mean",0.996594831104484
"ipcw_dgp","5B_PP_logistic_quad_iptw_ipcw","w_sd",0.079736865500928
"ipcw_dgp","5B_PP_logistic_quad_iptw_ipcw","w_min",0.814794652769507
"ipcw_dgp","5B_PP_logistic_quad_iptw_ipcw","w_max",1.34230252854893
"ipcw_dgp","5B_PP_logistic_quad_iptw_ipcw","w_ess",36751.7404689755
"ipcw_dgp","5B_PP_logistic_quad_iptw_ipcw","w_n_truncated",736
"ipcw_dgp","5B_PP_logistic_quad_iptw_ipcw","coef",-0.248851465314093
"ipcw_dgp","5B_PP_logistic_quad_iptw_ipcw","se",0.212136164800492
"ipcw_dgp","5B_PP_logistic_quad_iptw_ipcw","or_hr",0.779695776651374
"ipcw_dgp","5B_PP_logistic_quad_iptw_ipcw","pred_arm0_t0",0.0165962506962318
"ipcw_dgp","5B_PP_logistic_quad_iptw_ipcw","pred_arm1_t0",0.0130002441192286
"ipcw_dgp","5B_PP_logistic_quad_iptw_ipcw","pred_diff_t0",-0.00359600657700321
"ipcw_dgp","5B_PP_logistic_quad_iptw_ipcw","pred_arm0_t3",0.0718187291484652
"ipcw_dgp","5B_PP_logistic_quad_iptw_ipcw","pred_arm1_t3",0.0567147886393946
"ipcw_dgp","5B_PP_logistic_quad_iptw_ipcw","pred_diff_t3",-0.0151039405090706
"ipcw_dgp","5B_PP_logistic_quad_iptw_ipcw","pred_arm0_t6",0.135288229485138
"ipcw_dgp","5B_PP_logistic_quad_iptw_ipcw","pred_arm1_t6",0.107865073313899
"ipcw_dgp","5B_PP_logistic_quad_iptw_ipcw","pred_diff_t6",-0.027423156171239
"ipcw_dgp","5B_PP_logistic_quad_iptw_ipcw","pred_arm0_t9",0.206707251471727
"ipcw_dgp","5B_PP_logistic_quad_iptw_ipcw","pred_arm1_t9",0.166659745051652
"ipcw_dgp","5B_PP_logistic_quad_iptw_ipcw","pred_diff_t9",-0.0400475064200749
"ipcw_dgp","5C_PP_cox_quad_iptw_ipcw","n_expanded",36987
"ipcw_dgp","5C_PP_cox_quad_iptw_ipcw","n_trials",5
"ipcw_dgp","5C_PP_cox_quad_iptw_ipcw","w_mean",0.996594831104484
"ipcw_dgp","5C_PP_cox_quad_iptw_ipcw","w_sd",0.079736865500928
"ipcw_dgp","5C_PP_cox_quad_iptw_ipcw","w_min",0.814794652769507
"ipcw_dgp","5C_PP_cox_quad_iptw_ipcw","w_max",1.34230252854893
"ipcw_dgp","5C_PP_cox_quad_iptw_ipcw","w_ess",36751.7404689755
"ipcw_dgp","5C_PP_cox_quad_iptw_ipcw","w_n_truncated",736
"ipcw_dgp","5C_PP_cox_quad_iptw_ipcw","coef",-0.248790001242212
"ipcw_dgp","5C_PP_cox_quad_iptw_ipcw","se",0.210051720831847
"ipcw_dgp","5C_PP_cox_quad_iptw_ipcw","or_hr",0.779743701401446
"grace_test","6A_PP_logistic_quad_grace0","n_expanded",211042
"grace_test","6A_PP_logistic_quad_grace0","n_trials",396
"grace_test","6A_PP_logistic_quad_grace0","w_mean",1.00117659328729
"grace_test","6A_PP_logistic_quad_grace0","w_sd",0.00594535369764069
"grace_test","6A_PP_logistic_quad_grace0","w_min",0.969867339121643
"grace_test","6A_PP_logistic_quad_grace0","w_max",1.02823173809267
"grace_test","6A_PP_logistic_quad_grace0","w_ess",211034.55807071
"grace_test","6A_PP_logistic_quad_grace0","w_n_truncated",4215
"grace_test","6A_PP_logistic_quad_grace0","coef",-0.22943751299666
"grace_test","6A_PP_logistic_quad_grace0","se",0.333219639109476
"grace_test","6A_PP_logistic_quad_grace0","or_hr",0.794980643043919
"grace_test","6A_PP_logistic_quad_grace0","pred_arm0_t0",0.00167061889772691
"grace_test","6A_PP_logistic_quad_grace0","pred_arm1_t0",0.00132892425987219
"grace_test","6A_PP_logistic_quad_grace0","pred_diff_t0",-0.000341694637854717
"grace_test","6A_PP_logistic_quad_grace0","pred_arm0_t1",0.00428126410607466
"grace_test","6A_PP_logistic_quad_grace0","pred_arm1_t1",0.00340758115232376
"grace_test","6A_PP_logistic_quad_grace0","pred_diff_t1",-0.000873682953750898
"grace_test","6A_PP_logistic_quad_grace0","pred_arm0_t2",0.00797689552213687
"grace_test","6A_PP_logistic_quad_grace0","pred_arm1_t2",0.00635403538673329
"grace_test","6A_PP_logistic_quad_grace0","pred_diff_t2",-0.00162286013540358
"grace_test","6A_PP_logistic_quad_grace0","pred_arm0_t3",0.0127164808415411
"grace_test","6A_PP_logistic_quad_grace0","pred_arm1_t3",0.0101391548051569
"grace_test","6A_PP_logistic_quad_grace0","pred_diff_t3",-0.00257732603638416
"grace_test","6A_PP_logistic_quad_grace0","pred_arm0_t4",0.0182260819139292
"grace_test","6A_PP_logistic_quad_grace0","pred_arm1_t4",0.0145476811984331
"grace_test","6A_PP_logistic_quad_grace0","pred_diff_t4",-0.00367840071549608
"grace_test","6A_PP_logistic_quad_grace0","pred_arm0_t5",0.024036252190622
"grace_test","6A_PP_logistic_quad_grace0","pred_arm1_t5",0.0192060081890177
"grace_test","6A_PP_logistic_quad_grace0","pred_diff_t5",-0.00483024400160426
"grace_test","6A_PP_logistic_quad_grace0","pred_arm0_t6",0.0295999092880784
"grace_test","6A_PP_logistic_quad_grace0","pred_arm1_t6",0.0236751435282231
"grace_test","6A_PP_logistic_quad_grace0","pred_diff_t6",-0.00592476575985534
"grace_test","6A_PP_logistic_quad_grace0","pred_arm0_t7",0.0344415353148058
"grace_test","6A_PP_logistic_quad_grace0","pred_arm1_t7",0.027570652360013
"grace_test","6A_PP_logistic_quad_grace0","pred_diff_t7",-0.00687088295479277
"grace_test","6A_PP_logistic_quad_grace0","pred_arm0_t8",0.0382723997081179
"grace_test","6A_PP_logistic_quad_grace0","pred_arm1_t8",0.0306568842659509
"grace_test","6A_PP_logistic_quad_grace0","pred_diff_t8",-0.00761551544216699
"grace_test","6B_PP_logistic_quad_grace1","n_expanded",235799
"grace_test","6B_PP_logistic_quad_grace1","n_trials",396
"grace_test","6B_PP_logistic_quad_grace1","w_mean",1.00100400109527
"grace_test","6B_PP_logistic_quad_grace1","w_sd",0.00475578077615467
"grace_test","6B_PP_logistic_quad_grace1","w_min",0.977463922726714
"grace_test","6B_PP_logistic_quad_grace1","w_max",1.02409821137261
"grace_test","6B_PP_logistic_quad_grace1","w_ess",235793.677663344
"grace_test","6B_PP_logistic_quad_grace1","w_n_truncated",4713
"grace_test","6B_PP_logistic_quad_grace1","coef",-0.379767645506134
"grace_test","6B_PP_logistic_quad_grace1","se",0.290487054023549
"grace_test","6B_PP_logistic_quad_grace1","or_hr",0.684020325945762
"grace_test","6B_PP_logistic_quad_grace1","pred_arm0_t0",0.00126609056451654
"grace_test","6B_PP_logistic_quad_grace1","pred_arm1_t0",0.000866659034972961
"grace_test","6B_PP_logistic_quad_grace1","pred_diff_t0",-0.000399431529543581
"grace_test","6B_PP_logistic_quad_grace1","pred_arm0_t1",0.00349153442527705
"grace_test","6B_PP_logistic_quad_grace1","pred_arm1_t1",0.00239193437283436
"grace_test","6B_PP_logistic_quad_grace1","pred_diff_t1",-0.0010996000524427
"grace_test","6B_PP_logistic_quad_grace1","pred_arm0_t2",0.0069481975203366
"grace_test","6B_PP_logistic_quad_grace1","pred_arm1_t2",0.00476565553532815
"grace_test","6B_PP_logistic_quad_grace1","pred_diff_t2",-0.00218254198500845
"grace_test","6B_PP_logistic_quad_grace1","pred_arm0_t3",0.0116923097946292
"grace_test","6B_PP_logistic_quad_grace1","pred_arm1_t3",0.00803202051593599
"grace_test","6B_PP_logistic_quad_grace1","pred_diff_t3",-0.00366028927869322
"grace_test","6B_PP_logistic_quad_grace1","pred_arm0_t4",0.0174484978019537
"grace_test","6B_PP_logistic_quad_grace1","pred_arm1_t4",0.0120076201734237
"grace_test","6B_PP_logistic_quad_grace1","pred_diff_t4",-0.00544087762852996
"grace_test","6B_PP_logistic_quad_grace1","pred_arm0_t5",0.0236294206526362
"grace_test","6B_PP_logistic_quad_grace1","pred_arm1_t5",0.016290718962808
"grace_test","6B_PP_logistic_quad_grace1","pred_diff_t5",-0.0073387016898282
"grace_test","6B_PP_logistic_quad_grace1","pred_arm0_t6",0.0295105560609094
"grace_test","6B_PP_logistic_quad_grace1","pred_arm1_t6",0.0203787834804081
"grace_test","6B_PP_logistic_quad_grace1","pred_diff_t6",-0.00913177258050124
"grace_test","6B_PP_logistic_quad_grace1","pred_arm0_t7",0.0344744540733561
"grace_test","6B_PP_logistic_quad_grace1","pred_arm1_t7",0.0238382686270203
"grace_test","6B_PP_logistic_quad_grace1","pred_diff_t7",-0.0106361854463358
"grace_test","6B_PP_logistic_quad_grace1","pred_arm0_t8",0.0381930822796813
"grace_test","6B_PP_logistic_quad_grace1","pred_arm1_t8",0.026434931458754
"grace_test","6B_PP_logistic_quad_grace1","pred_diff_t8",-0.0117581508209273
"grace_test","6C_PP_logistic_quad_grace2","n_expanded",259944
"grace_test","6C_PP_logistic_quad_grace2","n_trials",396
"grace_test","6C_PP_logistic_quad_grace2","w_mean",1.00072853459549
"grace_test","6C_PP_logistic_quad_grace2","w_sd",0.00639728890350806
"grace_test","6C_PP_logistic_quad_grace2","w_min",0.968090659851796
"grace_test","6C_PP_logistic_quad_grace2","w_max",1.03586897570088
"grace_test","6C_PP_logistic_quad_grace2","w_ess",259933.377671187
"grace_test","6C_PP_logistic_quad_grace2","w_n_truncated",5194
"grace_test","6C_PP_logistic_quad_grace2","coef",-0.0575149633700734
"grace_test","6C_PP_logistic_quad_grace2","se",0.176197391195691
"grace_test","6C_PP_logistic_quad_grace2","or_hr",0.944107763246877
"grace_test","6C_PP_logistic_quad_grace2","pred_arm0_t0",0.00150833324227517
"grace_test","6C_PP_logistic_quad_grace2","pred_arm1_t0",0.00142423946604819
"grace_test","6C_PP_logistic_quad_grace2","pred_diff_t0",-8.40937762269789e-05
"grace_test","6C_PP_logistic_quad_grace2","pred_arm0_t1",0.00400407040409401
"grace_test","6C_PP_logistic_quad_grace2","pred_arm1_t1",0.00378140155016993
"grace_test","6C_PP_logistic_quad_grace2","pred_diff_t1",-0.00022266885392408
"grace_test","6C_PP_logistic_quad_grace2","pred_arm0_t2",0.00768645479727059
"grace_test","6C_PP_logistic_quad_grace2","pred_arm1_t2",0.00726054254881581
"grace_test","6C_PP_logistic_quad_grace2","pred_diff_t2",-0.000425912248454785
"grace_test","6C_PP_logistic_quad_grace2","pred_arm0_t3",0.0125317321431565
"grace_test","6C_PP_logistic_quad_grace2","pred_arm1_t3",0.0118404662656111
"grace_test","6C_PP_logistic_quad_grace2","pred_diff_t3",-0.000691265877545422
"grace_test","6C_PP_logistic_quad_grace2","pred_arm0_t4",0.0182204820071022
"grace_test","6C_PP_logistic_quad_grace2","pred_arm1_t4",0.0172204755636706
"grace_test","6C_PP_logistic_quad_grace2","pred_diff_t4",-0.00100000644343168
"grace_test","6C_PP_logistic_quad_grace2","pred_arm0_t5",0.0241860061491875
"grace_test","6C_PP_logistic_quad_grace2","pred_arm1_t5",0.0228652738579667
"grace_test","6C_PP_logistic_quad_grace2","pred_diff_t5",-0.00132073229122087
"grace_test","6C_PP_logistic_quad_grace2","pred_arm0_t6",0.0297795942034738
"grace_test","6C_PP_logistic_quad_grace2","pred_arm1_t6",0.0281607681997892
"grace_test","6C_PP_logistic_quad_grace2","pred_diff_t6",-0.00161882600368457
"grace_test","6C_PP_logistic_quad_grace2","pred_arm0_t7",0.0344734026831092
"grace_test","6C_PP_logistic_quad_grace2","pred_arm1_t7",0.0326062742392461
"grace_test","6C_PP_logistic_quad_grace2","pred_diff_t7",-0.00186712844386305
"grace_test","6C_PP_logistic_quad_grace2","pred_arm0_t8",0.0379999106834107
"grace_test","6C_PP_logistic_quad_grace2","pred_arm1_t8",0.035947263537082
"grace_test","6C_PP_logistic_quad_grace2","pred_diff_t8",-0.00205264714632869
