dataset,config,metric,value
trial_example,1A_ITT_logistic_linear,coef,-.2384198320683882
trial_example,1A_ITT_logistic_linear,se,.3031845605142645
trial_example,1A_ITT_logistic_linear,or_hr,.7878718477818348
trial_example,1A_ITT_logistic_linear,n_expanded,1939053
trial_example,1A_ITT_logistic_linear,pred_arm0_t0,.0046400050030643
trial_example,1A_ITT_logistic_linear,pred_arm1_t0,.0036615481283734
trial_example,1A_ITT_logistic_linear,pred_diff_t0,-.0009784568746909
trial_example,1A_ITT_logistic_linear,pred_arm0_t5,.0275577334952614
trial_example,1A_ITT_logistic_linear,pred_arm1_t5,.0218304743988432
trial_example,1A_ITT_logistic_linear,pred_diff_t5,-.0057272590964182
trial_example,1A_ITT_logistic_linear,pred_arm0_t10,.0500261061049144
trial_example,1A_ITT_logistic_linear,pred_arm1_t10,.0397764300342891
trial_example,1A_ITT_logistic_linear,pred_diff_t10,-.0102496760706253
trial_example,1A_ITT_logistic_linear,pred_arm0_t15,.0720689721653825
trial_example,1A_ITT_logistic_linear,pred_arm1_t15,.0575089504495749
trial_example,1A_ITT_logistic_linear,pred_diff_t15,-.0145600217158076
trial_example,1A_ITT_logistic_linear,pred_arm0_t20,.0937051967107695
trial_example,1A_ITT_logistic_linear,pred_arm1_t20,.0750355627369829
trial_example,1A_ITT_logistic_linear,pred_diff_t20,-.0186696339737866
trial_example,1A_ITT_logistic_linear,pred_arm0_t25,.1149498362888983
trial_example,1A_ITT_logistic_linear,pred_arm1_t25,.0923621585369634
trial_example,1A_ITT_logistic_linear,pred_diff_t25,-.0225876777519349
trial_example,1A_ITT_logistic_linear,pred_arm0_t30,.1358150422421849
trial_example,1A_ITT_logistic_linear,pred_arm1_t30,.1094933024776793
trial_example,1A_ITT_logistic_linear,pred_diff_t30,-.0263217397645056
trial_example,1B_ITT_logistic_quad,coef,-.2668616155673049
trial_example,1B_ITT_logistic_quad,se,.3100356013067549
trial_example,1B_ITT_logistic_quad,or_hr,.7657790360307526
trial_example,1B_ITT_logistic_quad,n_expanded,1939053
trial_example,1B_ITT_logistic_quad,pred_arm0_t0,.0045296058383991
trial_example,1B_ITT_logistic_quad,pred_arm1_t0,.0034749428530448
trial_example,1B_ITT_logistic_quad,pred_diff_t0,-.0010546629853543
trial_example,1B_ITT_logistic_quad,pred_arm0_t5,.0269940159461716
trial_example,1B_ITT_logistic_quad,pred_arm1_t5,.0207992523943684
trial_example,1B_ITT_logistic_quad,pred_diff_t5,-.0061947635518032
trial_example,1B_ITT_logistic_quad,pred_arm0_t10,.0491646852472521
trial_example,1B_ITT_logistic_quad,pred_arm1_t10,.0380407902289887
trial_example,1B_ITT_logistic_quad,pred_diff_t10,-.0111238950182634
trial_example,1B_ITT_logistic_quad,pred_arm0_t15,.0710526331545465
trial_example,1B_ITT_logistic_quad,pred_arm1_t15,.055199310387985
trial_example,1B_ITT_logistic_quad,pred_diff_t15,-.0158533227665615
trial_example,1B_ITT_logistic_quad,pred_arm0_t20,.0926632733992644
trial_example,1B_ITT_logistic_quad,pred_arm1_t20,.0722725267010583
trial_example,1B_ITT_logistic_quad,pred_diff_t20,-.0203907466982061
trial_example,1B_ITT_logistic_quad,pred_arm0_t25,.1139979286571972
trial_example,1B_ITT_logistic_quad,pred_arm1_t25,.0892565109863829
trial_example,1B_ITT_logistic_quad,pred_diff_t25,-.0247414176708143
trial_example,1B_ITT_logistic_quad,pred_arm0_t30,.1350550059032334
trial_example,1B_ITT_logistic_quad,pred_arm1_t30,.1061460394945367
trial_example,1B_ITT_logistic_quad,pred_diff_t30,-.0289089664086967
trial_example,1C_ITT_logistic_cubic,coef,-.2800672016281412
trial_example,1C_ITT_logistic_cubic,se,.3103572451774305
trial_example,1C_ITT_logistic_cubic,or_hr,.7557329532643207
trial_example,1C_ITT_logistic_cubic,n_expanded,1939053
trial_example,1C_ITT_logistic_cubic,pred_arm0_t0,.0043201295865085
trial_example,1C_ITT_logistic_cubic,pred_arm1_t0,.0032713873839817
trial_example,1C_ITT_logistic_cubic,pred_diff_t0,-.0010487422025268
trial_example,1C_ITT_logistic_cubic,pred_arm0_t5,.0260049046124357
trial_example,1C_ITT_logistic_cubic,pred_arm1_t5,.0197865740889026
trial_example,1C_ITT_logistic_cubic,pred_diff_t5,-.0062183305235331
trial_example,1C_ITT_logistic_cubic,pred_arm0_t10,.0478049102713135
trial_example,1C_ITT_logistic_cubic,pred_arm1_t10,.0365404449840083
trial_example,1C_ITT_logistic_cubic,pred_diff_t10,-.0112644652873052
trial_example,1C_ITT_logistic_cubic,pred_arm0_t15,.0696786793111489
trial_example,1C_ITT_logistic_cubic,pred_arm1_t15,.0534961688914304
trial_example,1C_ITT_logistic_cubic,pred_diff_t15,-.0161825104197185
trial_example,1C_ITT_logistic_cubic,pred_arm0_t20,.0915779911073568
trial_example,1C_ITT_logistic_cubic,pred_arm1_t20,.0706142200775129
trial_example,1C_ITT_logistic_cubic,pred_diff_t20,-.0209637710298439
trial_example,1C_ITT_logistic_cubic,pred_arm0_t25,.1134506037092247
trial_example,1C_ITT_logistic_cubic,pred_arm1_t25,.0878531985609735
trial_example,1C_ITT_logistic_cubic,pred_diff_t25,-.0255974051482512
trial_example,1C_ITT_logistic_cubic,pred_arm0_t30,.1352426062227386
trial_example,1C_ITT_logistic_cubic,pred_arm1_t30,.1051706849359095
trial_example,1C_ITT_logistic_cubic,pred_diff_t30,-.0300719212868291
trial_example,1D_ITT_logistic_ns3,coef,-.2815634122986437
trial_example,1D_ITT_logistic_ns3,se,.3115008577828259
trial_example,1D_ITT_logistic_ns3,or_hr,.7546030630432843
trial_example,1D_ITT_logistic_ns3,n_expanded,1939053
trial_example,1D_ITT_logistic_ns3,pred_arm0_t0,.0041276373435316
trial_example,1D_ITT_logistic_ns3,pred_arm1_t0,.0031205581216704
trial_example,1D_ITT_logistic_ns3,pred_diff_t0,-.0010070792218612
trial_example,1D_ITT_logistic_ns3,pred_arm0_t5,.024976519839
trial_example,1D_ITT_logistic_ns3,pred_arm1_t5,.0189685953382409
trial_example,1D_ITT_logistic_ns3,pred_diff_t5,-.0060079245007591
trial_example,1D_ITT_logistic_ns3,pred_arm0_t10,.0461771395477278
trial_example,1D_ITT_logistic_ns3,pred_arm1_t10,.0352243933341834
trial_example,1D_ITT_logistic_ns3,pred_diff_t10,-.0109527462135444
trial_example,1D_ITT_logistic_ns3,pred_arm0_t15,.0677072734821953
trial_example,1D_ITT_logistic_ns3,pred_arm1_t15,.0518715408986617
trial_example,1D_ITT_logistic_ns3,pred_diff_t15,-.0158357325835336
trial_example,1D_ITT_logistic_ns3,pred_arm0_t20,.0895165595389481
trial_example,1D_ITT_logistic_ns3,pred_arm1_t20,.0688739852952295
trial_example,1D_ITT_logistic_ns3,pred_diff_t20,-.0206425742437186
trial_example,1D_ITT_logistic_ns3,pred_arm0_t25,.1115277389683779
trial_example,1D_ITT_logistic_ns3,pred_arm1_t25,.0861754884487212
trial_example,1D_ITT_logistic_ns3,pred_diff_t25,-.0253522505196567
trial_example,1D_ITT_logistic_ns3,pred_arm0_t30,.133638668004137
trial_example,1D_ITT_logistic_ns3,pred_arm1_t30,.1036997409108477
trial_example,1D_ITT_logistic_ns3,pred_diff_t30,-.0299389270932893
trial_example,1E_ITT_cox_quad,coef,-.2654507826547411
trial_example,1E_ITT_cox_quad,se,.3097460807666898
trial_example,1E_ITT_cox_quad,or_hr,.7668601847793242
trial_example,1F_PP_logistic_quad_strat,w_mean,1.010845579940426
trial_example,1F_PP_logistic_quad_strat,w_sd,.0867228557165308
trial_example,1F_PP_logistic_quad_strat,w_min,.2213958998755314
trial_example,1F_PP_logistic_quad_strat,w_max,4.370955417649108
trial_example,1F_PP_logistic_quad_strat,w_ess,990817.2615699165
trial_example,1F_PP_logistic_quad_strat,w_n_truncated,0
trial_example,1F_PP_logistic_quad_strat,coef,-.4161366949157856
trial_example,1F_PP_logistic_quad_strat,se,.4088068700926776
trial_example,1F_PP_logistic_quad_strat,or_hr,.6595901017083168
trial_example,1F_PP_logistic_quad_strat,n_expanded,998110
trial_example,1F_PP_logistic_quad_strat,pred_arm0_t0,.0044626725268299
trial_example,1F_PP_logistic_quad_strat,pred_arm1_t0,.0029526664948699
trial_example,1F_PP_logistic_quad_strat,pred_diff_t0,-.00151000603196
trial_example,1F_PP_logistic_quad_strat,pred_arm0_t5,.0267147656713782
trial_example,1F_PP_logistic_quad_strat,pred_arm1_t5,.0178076775652127
trial_example,1F_PP_logistic_quad_strat,pred_diff_t5,-.0089070881061655
trial_example,1F_PP_logistic_quad_strat,pred_arm0_t10,.0488435659726176
trial_example,1F_PP_logistic_quad_strat,pred_arm1_t10,.0327907584045909
trial_example,1F_PP_logistic_quad_strat,pred_diff_t10,-.0160528075680267
trial_example,1F_PP_logistic_quad_strat,pred_arm0_t15,.0708134089791641
trial_example,1F_PP_logistic_quad_strat,pred_arm1_t15,.0478665731545543
trial_example,1F_PP_logistic_quad_strat,pred_diff_t15,-.0229468358246098
trial_example,1F_PP_logistic_quad_strat,pred_arm0_t20,.0925824564415997
trial_example,1F_PP_logistic_quad_strat,pred_arm1_t20,.0629981062518095
trial_example,1F_PP_logistic_quad_strat,pred_diff_t20,-.0295843501897902
trial_example,1F_PP_logistic_quad_strat,pred_arm0_t25,.1141052138663219
trial_example,1F_PP_logistic_quad_strat,pred_arm1_t25,.0781471334768616
trial_example,1F_PP_logistic_quad_strat,pred_diff_t25,-.0359580803894603
trial_example,1F_PP_logistic_quad_strat,pred_arm0_t30,.135334701738576
trial_example,1F_PP_logistic_quad_strat,pred_arm1_t30,.0932747417630591
trial_example,1F_PP_logistic_quad_strat,pred_diff_t30,-.0420599599755169
trial_example,1G_PP_logistic_quad_strat_trunc,w_mean,1.011548387184771
trial_example,1G_PP_logistic_quad_strat_trunc,w_sd,.0779273271455861
trial_example,1G_PP_logistic_quad_strat_trunc,w_min,.6129316904015776
trial_example,1G_PP_logistic_quad_strat_trunc,w_max,1.084636657697501
trial_example,1G_PP_logistic_quad_strat_trunc,w_ess,992221.3685016825
trial_example,1G_PP_logistic_quad_strat_trunc,w_n_truncated,19435
trial_example,1G_PP_logistic_quad_strat_trunc,coef,-.4155015014607182
trial_example,1G_PP_logistic_quad_strat_trunc,se,.4087187062584348
trial_example,1G_PP_logistic_quad_strat_trunc,or_hr,.6600092021147755
trial_example,1G_PP_logistic_quad_strat_trunc,pred_arm0_t0,.0044588502413115
trial_example,1G_PP_logistic_quad_strat_trunc,pred_arm1_t0,.0029519921606815
trial_example,1G_PP_logistic_quad_strat_trunc,pred_diff_t0,-.00150685808063
trial_example,1G_PP_logistic_quad_strat_trunc,pred_arm0_t5,.0266960960731362
trial_example,1G_PP_logistic_quad_strat_trunc,pred_arm1_t5,.0178061649812447
trial_example,1G_PP_logistic_quad_strat_trunc,pred_diff_t5,-.0088899310918915
trial_example,1G_PP_logistic_quad_strat_trunc,pred_arm0_t10,.0488163678237601
trial_example,1G_PP_logistic_quad_strat_trunc,pred_arm1_t10,.0327922550480654
trial_example,1G_PP_logistic_quad_strat_trunc,pred_diff_t10,-.0160241127756947
trial_example,1G_PP_logistic_quad_strat_trunc,pred_arm0_t15,.0707829902593955
trial_example,1G_PP_logistic_quad_strat_trunc,pred_arm1_t15,.0478744012454598
trial_example,1G_PP_logistic_quad_strat_trunc,pred_diff_t15,-.0229085890139357
trial_example,1G_PP_logistic_quad_strat_trunc,pred_arm0_t20,.0925531720088523
trial_example,1G_PP_logistic_quad_strat_trunc,pred_arm1_t20,.0630150480861721
trial_example,1G_PP_logistic_quad_strat_trunc,pred_diff_t20,-.0295381239226802
trial_example,1G_PP_logistic_quad_strat_trunc,pred_arm0_t25,.11408050964601
trial_example,1G_PP_logistic_quad_strat_trunc,pred_arm1_t25,.0781754215736059
trial_example,1G_PP_logistic_quad_strat_trunc,pred_diff_t25,-.0359050880724041
trial_example,1G_PP_logistic_quad_strat_trunc,pred_arm0_t30,.1353171559973502
trial_example,1G_PP_logistic_quad_strat_trunc,pred_arm1_t30,.0933160551939545
trial_example,1G_PP_logistic_quad_strat_trunc,pred_diff_t30,-.0420011008033957
trial_example,1H_PP_logistic_quad_pooled_trunc,w_mean,1.008908919699169
trial_example,1H_PP_logistic_quad_pooled_trunc,w_sd,.0684055431688408
trial_example,1H_PP_logistic_quad_pooled_trunc,w_min,.6502553485963266
trial_example,1H_PP_logistic_quad_pooled_trunc,w_max,1.072129457153057
trial_example,1H_PP_logistic_quad_pooled_trunc,w_ess,993542.6452395091
trial_example,1H_PP_logistic_quad_pooled_trunc,w_n_truncated,19594
trial_example,1H_PP_logistic_quad_pooled_trunc,coef,-.4213076230647942
trial_example,1H_PP_logistic_quad_pooled_trunc,se,.409300997349596
trial_example,1H_PP_logistic_quad_pooled_trunc,or_hr,.6561882117290283
trial_example,1H_PP_logistic_quad_pooled_trunc,pred_arm0_t0,.0044758629445889
trial_example,1H_PP_logistic_quad_pooled_trunc,pred_arm1_t0,.0029462676049166
trial_example,1H_PP_logistic_quad_pooled_trunc,pred_diff_t0,-.0015295953396723
trial_example,1H_PP_logistic_quad_pooled_trunc,pred_arm0_t5,.0267770979200413
trial_example,1H_PP_logistic_quad_pooled_trunc,pred_arm1_t5,.0177600799319684
trial_example,1H_PP_logistic_quad_pooled_trunc,pred_diff_t5,-.0090170179880729
trial_example,1H_PP_logistic_quad_pooled_trunc,pred_arm0_t10,.0489301285440719
trial_example,1H_PP_logistic_quad_pooled_trunc,pred_arm1_t10,.0326881035816198
trial_example,1H_PP_logistic_quad_pooled_trunc,pred_diff_t10,-.0162420249624521
trial_example,1H_PP_logistic_quad_pooled_trunc,pred_arm0_t15,.0709033025562228
trial_example,1H_PP_logistic_quad_pooled_trunc,pred_arm1_t15,.0476970928825737
trial_example,1H_PP_logistic_quad_pooled_trunc,pred_diff_t15,-.0232062096736491
trial_example,1H_PP_logistic_quad_pooled_trunc,pred_arm0_t20,.0926585860323105
trial_example,1H_PP_logistic_quad_pooled_trunc,pred_arm1_t20,.0627521929017146
trial_example,1H_PP_logistic_quad_pooled_trunc,pred_diff_t20,-.0299063931305959
trial_example,1H_PP_logistic_quad_pooled_trunc,pred_arm0_t25,.1141541201629344
trial_example,1H_PP_logistic_quad_pooled_trunc,pred_arm1_t25,.0778173859339686
trial_example,1H_PP_logistic_quad_pooled_trunc,pred_diff_t25,-.0363367342289658
trial_example,1H_PP_logistic_quad_pooled_trunc,pred_arm0_t30,.1353463960836251
trial_example,1H_PP_logistic_quad_pooled_trunc,pred_arm1_t30,.0928559818949457
trial_example,1H_PP_logistic_quad_pooled_trunc,pred_diff_t30,-.0424904141886794
trial_example,1I_PP_logistic_ns3_strat_trunc,w_mean,1.011548387184771
trial_example,1I_PP_logistic_ns3_strat_trunc,w_sd,.0779273271455861
trial_example,1I_PP_logistic_ns3_strat_trunc,w_min,.6129316904015776
trial_example,1I_PP_logistic_ns3_strat_trunc,w_max,1.084636657697501
trial_example,1I_PP_logistic_ns3_strat_trunc,w_ess,992221.3685016825
trial_example,1I_PP_logistic_ns3_strat_trunc,w_n_truncated,19435
trial_example,1I_PP_logistic_ns3_strat_trunc,coef,-.4189021391247916
trial_example,1I_PP_logistic_ns3_strat_trunc,se,.4070742716255644
trial_example,1I_PP_logistic_ns3_strat_trunc,or_hr,.6577685619254314
trial_example,1I_PP_logistic_ns3_strat_trunc,pred_arm0_t0,.0039689878171373
trial_example,1I_PP_logistic_ns3_strat_trunc,pred_arm1_t0,.0026183402802594
trial_example,1I_PP_logistic_ns3_strat_trunc,pred_diff_t0,-.0013506475368779
trial_example,1I_PP_logistic_ns3_strat_trunc,pred_arm0_t5,.0245197580995412
trial_example,1I_PP_logistic_ns3_strat_trunc,pred_arm1_t5,.0162940946772434
trial_example,1I_PP_logistic_ns3_strat_trunc,pred_diff_t5,-.0082256634222978
trial_example,1I_PP_logistic_ns3_strat_trunc,pred_arm0_t10,.0461946207191335
trial_example,1I_PP_logistic_ns3_strat_trunc,pred_arm1_t10,.0309217798999012
trial_example,1I_PP_logistic_ns3_strat_trunc,pred_diff_t10,-.0152728408192323
trial_example,1I_PP_logistic_ns3_strat_trunc,pred_arm0_t15,.0687760915328757
trial_example,1I_PP_logistic_ns3_strat_trunc,pred_arm1_t15,.046372543797415
trial_example,1I_PP_logistic_ns3_strat_trunc,pred_diff_t15,-.0224035477354607
trial_example,1I_PP_logistic_ns3_strat_trunc,pred_arm0_t20,.0918609711664693
trial_example,1I_PP_logistic_ns3_strat_trunc,pred_arm1_t20,.062384286408485
trial_example,1I_PP_logistic_ns3_strat_trunc,pred_diff_t20,-.0294766847579843
trial_example,1I_PP_logistic_ns3_strat_trunc,pred_arm0_t25,.1149737138491881
trial_example,1I_PP_logistic_ns3_strat_trunc,pred_arm1_t25,.0786328149100983
trial_example,1I_PP_logistic_ns3_strat_trunc,pred_diff_t25,-.0363408989390898
trial_example,1I_PP_logistic_ns3_strat_trunc,pred_arm0_t30,.1377197581785498
trial_example,1I_PP_logistic_ns3_strat_trunc,pred_arm1_t30,.0948372983870758
trial_example,1I_PP_logistic_ns3_strat_trunc,pred_diff_t30,-.042882459791474
trial_example,1J_PP_cox_quad_strat_trunc,coef,-.4104543586003643
trial_example,1J_PP_cox_quad_strat_trunc,se,.404408809110104
trial_example,1J_PP_cox_quad_strat_trunc,or_hr,.6633487834297177
trial_example,1K_AT_logistic_quad_strat_trunc,w_mean,1.011548387184771
trial_example,1K_AT_logistic_quad_strat_trunc,w_sd,.0779273271455861
trial_example,1K_AT_logistic_quad_strat_trunc,w_min,.6129316904015776
trial_example,1K_AT_logistic_quad_strat_trunc,w_max,1.084636657697501
trial_example,1K_AT_logistic_quad_strat_trunc,w_ess,992221.3685016825
trial_example,1K_AT_logistic_quad_strat_trunc,w_n_truncated,19435
trial_example,1K_AT_logistic_quad_strat_trunc,coef,-.4155015014607182
trial_example,1K_AT_logistic_quad_strat_trunc,se,.4087187062584344
trial_example,1K_AT_logistic_quad_strat_trunc,or_hr,.6600092021147755
trial_example,1K_AT_logistic_quad_strat_trunc,pred_arm0_t0,.0044588502413115
trial_example,1K_AT_logistic_quad_strat_trunc,pred_arm1_t0,.0029519921606815
trial_example,1K_AT_logistic_quad_strat_trunc,pred_diff_t0,-.00150685808063
trial_example,1K_AT_logistic_quad_strat_trunc,pred_arm0_t5,.0266960960731362
trial_example,1K_AT_logistic_quad_strat_trunc,pred_arm1_t5,.0178061649812447
trial_example,1K_AT_logistic_quad_strat_trunc,pred_diff_t5,-.0088899310918915
trial_example,1K_AT_logistic_quad_strat_trunc,pred_arm0_t10,.0488163678237601
trial_example,1K_AT_logistic_quad_strat_trunc,pred_arm1_t10,.0327922550480654
trial_example,1K_AT_logistic_quad_strat_trunc,pred_diff_t10,-.0160241127756947
trial_example,1K_AT_logistic_quad_strat_trunc,pred_arm0_t15,.0707829902593955
trial_example,1K_AT_logistic_quad_strat_trunc,pred_arm1_t15,.0478744012454598
trial_example,1K_AT_logistic_quad_strat_trunc,pred_diff_t15,-.0229085890139357
trial_example,1K_AT_logistic_quad_strat_trunc,pred_arm0_t20,.0925531720088523
trial_example,1K_AT_logistic_quad_strat_trunc,pred_arm1_t20,.0630150480861721
trial_example,1K_AT_logistic_quad_strat_trunc,pred_diff_t20,-.0295381239226802
trial_example,1K_AT_logistic_quad_strat_trunc,pred_arm0_t25,.11408050964601
trial_example,1K_AT_logistic_quad_strat_trunc,pred_arm1_t25,.0781754215736059
trial_example,1K_AT_logistic_quad_strat_trunc,pred_diff_t25,-.0359050880724041
trial_example,1K_AT_logistic_quad_strat_trunc,pred_arm0_t30,.1353171559973502
trial_example,1K_AT_logistic_quad_strat_trunc,pred_arm1_t30,.0933160551939545
trial_example,1K_AT_logistic_quad_strat_trunc,pred_diff_t30,-.0420011008033957
trial_example,1L_PP_logistic_linear_strat_trunc,coef,-.3627551762259514
trial_example,1L_PP_logistic_linear_strat_trunc,se,.4028401016889395
trial_example,1L_PP_logistic_linear_strat_trunc,or_hr,.6957567504428891
trial_example,1L_PP_logistic_linear_strat_trunc,pred_arm0_t0,.0048074695050623
trial_example,1L_PP_logistic_linear_strat_trunc,pred_arm1_t0,.0033537757761531
trial_example,1L_PP_logistic_linear_strat_trunc,pred_diff_t0,-.0014536937289092
trial_example,1L_PP_logistic_linear_strat_trunc,pred_arm0_t5,.0283639521562286
trial_example,1L_PP_logistic_linear_strat_trunc,pred_arm1_t5,.019914023915227
trial_example,1L_PP_logistic_linear_strat_trunc,pred_diff_t5,-.0084499282410016
trial_example,1L_PP_logistic_linear_strat_trunc,pred_arm0_t10,.051167378599814
trial_example,1L_PP_logistic_linear_strat_trunc,pred_arm1_t10,.0361417062869324
trial_example,1L_PP_logistic_linear_strat_trunc,pred_diff_t10,-.0150256723128816
trial_example,1L_PP_logistic_linear_strat_trunc,pred_arm0_t15,.0732736746396743
trial_example,1L_PP_logistic_linear_strat_trunc,pred_arm1_t15,.0520550137883248
trial_example,1L_PP_logistic_linear_strat_trunc,pred_diff_t15,-.0212186608513495
trial_example,1L_PP_logistic_linear_strat_trunc,pred_arm0_t20,.0947288936101046
trial_example,1L_PP_logistic_linear_strat_trunc,pred_arm1_t20,.0676695336544717
trial_example,1L_PP_logistic_linear_strat_trunc,pred_diff_t20,-.0270593599556329
trial_example,1L_PP_logistic_linear_strat_trunc,pred_arm0_t25,.1155716617952088
trial_example,1L_PP_logistic_linear_strat_trunc,pred_arm1_t25,.0829987301101193
trial_example,1L_PP_logistic_linear_strat_trunc,pred_diff_t25,-.0325729316850895
trial_example,1L_PP_logistic_linear_strat_trunc,pred_arm0_t30,.1358349614172349
trial_example,1L_PP_logistic_linear_strat_trunc,pred_arm1_t30,.0980543322721128
trial_example,1L_PP_logistic_linear_strat_trunc,pred_diff_t30,-.0377806291451221
nhefs_synth,2A_ITT_logistic_quad,coef,-.3321908892318675
nhefs_synth,2A_ITT_logistic_quad,se,.135650402879997
nhefs_synth,2A_ITT_logistic_quad,or_hr,.7173503753218294
nhefs_synth,2A_ITT_logistic_quad,pred_arm0_t0,.019108854400036
nhefs_synth,2A_ITT_logistic_quad,pred_arm1_t0,.0137961790707634
nhefs_synth,2A_ITT_logistic_quad,pred_diff_t0,-.0053126753292726
nhefs_synth,2A_ITT_logistic_quad,pred_arm0_t1,.0390506095077319
nhefs_synth,2A_ITT_logistic_quad,pred_arm1_t1,.0282921482031181
nhefs_synth,2A_ITT_logistic_quad,pred_diff_t1,-.0107584613046138
nhefs_synth,2A_ITT_logistic_quad,pred_arm0_t2,.0597405962375297
nhefs_synth,2A_ITT_logistic_quad,pred_arm1_t2,.0434405091509796
nhefs_synth,2A_ITT_logistic_quad,pred_diff_t2,-.0163000870865501
nhefs_synth,2A_ITT_logistic_quad,pred_arm0_t3,.0810829917495957
nhefs_synth,2A_ITT_logistic_quad,pred_arm1_t3,.0591848771559087
nhefs_synth,2A_ITT_logistic_quad,pred_diff_t3,-.021898114593687
nhefs_synth,2A_ITT_logistic_quad,pred_arm0_t4,.1029725347096369
nhefs_synth,2A_ITT_logistic_quad,pred_arm1_t4,.0754606639002534
nhefs_synth,2A_ITT_logistic_quad,pred_diff_t4,-.0275118708093835
nhefs_synth,2A_ITT_logistic_quad,pred_arm0_t5,.125296514779219
nhefs_synth,2A_ITT_logistic_quad,pred_arm1_t5,.0921960838169911
nhefs_synth,2A_ITT_logistic_quad,pred_diff_t5,-.0331004309622279
nhefs_synth,2A_ITT_logistic_quad,pred_arm0_t6,.1479369590353494
nhefs_synth,2A_ITT_logistic_quad,pred_arm1_t6,.1093133505770126
nhefs_synth,2A_ITT_logistic_quad,pred_diff_t6,-.0386236084583368
nhefs_synth,2A_ITT_logistic_quad,pred_arm0_t7,.1707729293683919
nhefs_synth,2A_ITT_logistic_quad,pred_arm1_t7,.1267300220998101
nhefs_synth,2A_ITT_logistic_quad,pred_diff_t7,-.0440429072685818
nhefs_synth,2A_ITT_logistic_quad,pred_arm0_t8,.1936828417553109
nhefs_synth,2A_ITT_logistic_quad,pred_arm1_t8,.1443604463727352
nhefs_synth,2A_ITT_logistic_quad,pred_diff_t8,-.0493223953825757
nhefs_synth,2A_ITT_logistic_quad,pred_arm0_t9,.2165467207076156
nhefs_synth,2A_ITT_logistic_quad,pred_arm1_t9,.1621172570908243
nhefs_synth,2A_ITT_logistic_quad,pred_diff_t9,-.0544294636167913
nhefs_synth,2B_ITT_logistic_linear,coef,-.3320818351794844
nhefs_synth,2B_ITT_logistic_linear,se,.1356668510449142
nhefs_synth,2B_ITT_logistic_linear,or_hr,.7174286095530392
nhefs_synth,2B_ITT_logistic_linear,pred_arm0_t0,.0196360188010323
nhefs_synth,2B_ITT_logistic_linear,pred_arm1_t0,.0141808023352749
nhefs_synth,2B_ITT_logistic_linear,pred_diff_t0,-.0054552164657574
nhefs_synth,2B_ITT_logistic_linear,pred_arm0_t1,.0397605683506056
nhefs_synth,2B_ITT_logistic_linear,pred_arm1_t1,.0288147206790365
nhefs_synth,2B_ITT_logistic_linear,pred_diff_t1,-.0109458476715691
nhefs_synth,2B_ITT_logistic_linear,pred_arm0_t2,.0603629414390877
nhefs_synth,2B_ITT_logistic_linear,pred_arm1_t2,.0439037398203499
nhefs_synth,2B_ITT_logistic_linear,pred_diff_t2,-.0164592016187378
nhefs_synth,2B_ITT_logistic_linear,pred_arm0_t3,.0814301801322107
nhefs_synth,2B_ITT_logistic_linear,pred_arm1_t3,.0594485960694002
nhefs_synth,2B_ITT_logistic_linear,pred_diff_t3,-.0219815840628105
nhefs_synth,2B_ITT_logistic_linear,pred_arm0_t4,.102946978964736
nhefs_synth,2B_ITT_logistic_linear,pred_arm1_t4,.0754486692066605
nhefs_synth,2B_ITT_logistic_linear,pred_diff_t4,-.0274983097580755
nhefs_synth,2B_ITT_logistic_linear,pred_arm0_t5,.1248955984868541
nhefs_synth,2B_ITT_logistic_linear,pred_arm1_t5,.091901873484173
nhefs_synth,2B_ITT_logistic_linear,pred_diff_t5,-.0329937250026811
nhefs_synth,2B_ITT_logistic_linear,pred_arm0_t6,.1472557912431237
nhefs_synth,2B_ITT_logistic_linear,pred_arm1_t6,.1088045486640035
nhefs_synth,2B_ITT_logistic_linear,pred_diff_t6,-.0384512425791202
nhefs_synth,2B_ITT_logistic_linear,pred_arm0_t7,.1700047423394482
nhefs_synth,2B_ITT_logistic_linear,pred_arm1_t7,.1261513522117336
nhefs_synth,2B_ITT_logistic_linear,pred_diff_t7,-.0438533901277146
nhefs_synth,2B_ITT_logistic_linear,pred_arm0_t8,.193117026800634
nhefs_synth,2B_ITT_logistic_linear,pred_arm1_t8,.143935153897266
nhefs_synth,2B_ITT_logistic_linear,pred_diff_t8,-.049181872903368
nhefs_synth,2B_ITT_logistic_linear,pred_arm0_t9,.2165645859341965
nhefs_synth,2B_ITT_logistic_linear,pred_arm1_t9,.1621469341887356
nhefs_synth,2B_ITT_logistic_linear,pred_diff_t9,-.0544176517454609
nhefs_synth,2C_ITT_cox_quad,coef,-.3246139457134734
nhefs_synth,2C_ITT_cox_quad,se,.1323046950878431
nhefs_synth,2C_ITT_cox_quad,or_hr,.7228063422729919
nhefs_synth,2D_ITT_logistic_ns3,coef,-.3327294355212537
nhefs_synth,2D_ITT_logistic_ns3,se,.1356571694398857
nhefs_synth,2D_ITT_logistic_ns3,or_hr,.716964152947658
nhefs_synth,2D_ITT_logistic_ns3,pred_arm0_t0,.0215842509623989
nhefs_synth,2D_ITT_logistic_ns3,pred_arm1_t0,.0155880787226899
nhefs_synth,2D_ITT_logistic_ns3,pred_diff_t0,-.005996172239709
nhefs_synth,2D_ITT_logistic_ns3,pred_arm0_t1,.0411257407772218
nhefs_synth,2D_ITT_logistic_ns3,pred_arm1_t1,.0297958045862294
nhefs_synth,2D_ITT_logistic_ns3,pred_diff_t1,-.0113299361909924
nhefs_synth,2D_ITT_logistic_ns3,pred_arm0_t2,.059514269174567
nhefs_synth,2D_ITT_logistic_ns3,pred_arm1_t2,.0432512797449809
nhefs_synth,2D_ITT_logistic_ns3,pred_diff_t2,-.0162629894295861
nhefs_synth,2D_ITT_logistic_ns3,pred_arm0_t3,.0781561561242933
nhefs_synth,2D_ITT_logistic_ns3,pred_arm1_t3,.0569825205708134
nhefs_synth,2D_ITT_logistic_ns3,pred_diff_t3,-.0211736355534799
nhefs_synth,2D_ITT_logistic_ns3,pred_arm0_t4,.0988422108848874
nhefs_synth,2D_ITT_logistic_ns3,pred_arm1_t4,.0723332958635643
nhefs_synth,2D_ITT_logistic_ns3,pred_diff_t4,-.0265089150213231
nhefs_synth,2D_ITT_logistic_ns3,pred_arm0_t5,.1224885941897589
nhefs_synth,2D_ITT_logistic_ns3,pred_arm1_t5,.0900335178901838
nhefs_synth,2D_ITT_logistic_ns3,pred_diff_t5,-.0324550762995751
nhefs_synth,2D_ITT_logistic_ns3,pred_arm0_t6,.1482503760533188
nhefs_synth,2D_ITT_logistic_ns3,pred_arm1_t6,.1095039265550193
nhefs_synth,2D_ITT_logistic_ns3,pred_diff_t6,-.0387464494982995
nhefs_synth,2D_ITT_logistic_ns3,pred_arm0_t7,.1735603463642781
nhefs_synth,2D_ITT_logistic_ns3,pred_arm1_t7,.1288193354952957
nhefs_synth,2D_ITT_logistic_ns3,pred_diff_t7,-.0447410108689824
nhefs_synth,2D_ITT_logistic_ns3,pred_arm0_t8,.1965247889628032
nhefs_synth,2D_ITT_logistic_ns3,pred_arm1_t8,.146503647860853
nhefs_synth,2D_ITT_logistic_ns3,pred_diff_t8,-.0500211411019502
nhefs_synth,2D_ITT_logistic_ns3,pred_arm0_t9,.2165935176702984
nhefs_synth,2D_ITT_logistic_ns3,pred_arm1_t9,.1620833805804318
nhefs_synth,2D_ITT_logistic_ns3,pred_diff_t9,-.0545101370898666
nhefs_synth,2E_ITT_logistic_cubic,coef,-.3327565857361365
nhefs_synth,2E_ITT_logistic_cubic,se,.135664377391734
nhefs_synth,2E_ITT_logistic_cubic,or_hr,.7169446874810892
nhefs_synth,2E_ITT_logistic_cubic,pred_arm0_t0,.0223169306151835
nhefs_synth,2E_ITT_logistic_cubic,pred_arm1_t0,.0161207491489137
nhefs_synth,2E_ITT_logistic_cubic,pred_diff_t0,-.0061961814662698
nhefs_synth,2E_ITT_logistic_cubic,pred_arm0_t1,.0411545294496569
nhefs_synth,2E_ITT_logistic_cubic,pred_arm1_t1,.0298164756760093
nhefs_synth,2E_ITT_logistic_cubic,pred_diff_t1,-.0113380537736476
nhefs_synth,2E_ITT_logistic_cubic,pred_arm0_t2,.0592261716647019
nhefs_synth,2E_ITT_logistic_cubic,pred_arm1_t2,.0430384035888746
nhefs_synth,2E_ITT_logistic_cubic,pred_diff_t2,-.0161877680758273
nhefs_synth,2E_ITT_logistic_cubic,pred_arm0_t3,.0781668234441145
nhefs_synth,2E_ITT_logistic_cubic,pred_arm1_t3,.0569893989594478
nhefs_synth,2E_ITT_logistic_cubic,pred_diff_t3,-.0211774244846667
nhefs_synth,2E_ITT_logistic_cubic,pred_arm0_t4,.0990272166863231
nhefs_synth,2E_ITT_logistic_cubic,pred_arm1_t4,.0724701807687101
nhefs_synth,2E_ITT_logistic_cubic,pred_diff_t4,-.026557035917613
nhefs_synth,2E_ITT_logistic_cubic,pred_arm0_t5,.1222637599717651
nhefs_synth,2E_ITT_logistic_cubic,pred_arm1_t5,.0898617718545394
nhefs_synth,2E_ITT_logistic_cubic,pred_diff_t5,-.0324019881172257
nhefs_synth,2E_ITT_logistic_cubic,pred_arm0_t6,.1474868083254567
nhefs_synth,2E_ITT_logistic_cubic,pred_arm1_t6,.1089191422414366
nhefs_synth,2E_ITT_logistic_cubic,pred_diff_t6,-.0385676660840201
nhefs_synth,2E_ITT_logistic_cubic,pred_arm0_t7,.1732338131727867
nhefs_synth,2E_ITT_logistic_cubic,pred_arm1_t7,.1285651671256202
nhefs_synth,2E_ITT_logistic_cubic,pred_diff_t7,-.0446686460471665
nhefs_synth,2E_ITT_logistic_cubic,pred_arm0_t8,.1971211418357983
nhefs_synth,2E_ITT_logistic_cubic,pred_arm1_t8,.1469640378453283
nhefs_synth,2E_ITT_logistic_cubic,pred_diff_t8,-.05015710399047
nhefs_synth,2E_ITT_logistic_cubic,pred_arm0_t9,.216601914903662
nhefs_synth,2E_ITT_logistic_cubic,pred_arm1_t9,.1620870296472596
nhefs_synth,2E_ITT_logistic_cubic,pred_diff_t9,-.0545148852564024
ccw_simulated,3A_ITT_logistic_quad_mfu12,coef,-.9673530408095502
ccw_simulated,3A_ITT_logistic_quad_mfu12,se,.1695868770751014
ccw_simulated,3A_ITT_logistic_quad_mfu12,or_hr,.3800877846099127
ccw_simulated,3A_ITT_logistic_quad_mfu12,n_expanded,323050
ccw_simulated,3A_ITT_logistic_quad_mfu12,pred_arm0_t0,.0204420801540584
ccw_simulated,3A_ITT_logistic_quad_mfu12,pred_arm1_t0,.0079004505455559
ccw_simulated,3A_ITT_logistic_quad_mfu12,pred_diff_t0,-.0125416296085025
ccw_simulated,3A_ITT_logistic_quad_mfu12,pred_arm0_t3,.0804768446902399
ccw_simulated,3A_ITT_logistic_quad_mfu12,pred_arm1_t3,.0318998991247427
ccw_simulated,3A_ITT_logistic_quad_mfu12,pred_diff_t3,-.0485769455654972
ccw_simulated,3A_ITT_logistic_quad_mfu12,pred_arm0_t6,.1386968176825976
ccw_simulated,3A_ITT_logistic_quad_mfu12,pred_arm1_t6,.0564102817770801
ccw_simulated,3A_ITT_logistic_quad_mfu12,pred_diff_t6,-.0822865359055175
ccw_simulated,3A_ITT_logistic_quad_mfu12,pred_arm0_t9,.1952314639437122
ccw_simulated,3A_ITT_logistic_quad_mfu12,pred_arm1_t9,.0815132984544569
ccw_simulated,3A_ITT_logistic_quad_mfu12,pred_diff_t9,-.1137181654892553
ccw_simulated,3A_ITT_logistic_quad_mfu12,pred_arm0_t12,.2501785089164674
ccw_simulated,3A_ITT_logistic_quad_mfu12,pred_arm1_t12,.1072900473352123
ccw_simulated,3A_ITT_logistic_quad_mfu12,pred_diff_t12,-.1428884615812551
ccw_simulated,3B_PP_logistic_quad_strat_trunc_mfu12,w_mean,1.004793124317244
ccw_simulated,3B_PP_logistic_quad_strat_trunc_mfu12,w_sd,.0206176595175387
ccw_simulated,3B_PP_logistic_quad_strat_trunc_mfu12,w_min,.9596849312581806
ccw_simulated,3B_PP_logistic_quad_strat_trunc_mfu12,w_max,1.048374798519037
ccw_simulated,3B_PP_logistic_quad_strat_trunc_mfu12,w_ess,347124.8462821452
ccw_simulated,3B_PP_logistic_quad_strat_trunc_mfu12,w_n_truncated,6931
ccw_simulated,3B_PP_logistic_quad_strat_trunc_mfu12,coef,-1.02717755325218
ccw_simulated,3B_PP_logistic_quad_strat_trunc_mfu12,se,.1749039737195036
ccw_simulated,3B_PP_logistic_quad_strat_trunc_mfu12,or_hr,.358016017038167
ccw_simulated,3B_PP_logistic_quad_strat_trunc_mfu12,pred_arm0_t0,.0204442375302822
ccw_simulated,3B_PP_logistic_quad_strat_trunc_mfu12,pred_arm1_t0,.0074477520107434
ccw_simulated,3B_PP_logistic_quad_strat_trunc_mfu12,pred_diff_t0,-.0129964855195388
ccw_simulated,3B_PP_logistic_quad_strat_trunc_mfu12,pred_arm0_t3,.0811915232272687
ccw_simulated,3B_PP_logistic_quad_strat_trunc_mfu12,pred_arm1_t3,.0303812633031831
ccw_simulated,3B_PP_logistic_quad_strat_trunc_mfu12,pred_diff_t3,-.0508102599240856
ccw_simulated,3B_PP_logistic_quad_strat_trunc_mfu12,pred_arm0_t6,.1407743977182025
ccw_simulated,3B_PP_logistic_quad_strat_trunc_mfu12,pred_arm1_t6,.0541499275251507
ccw_simulated,3B_PP_logistic_quad_strat_trunc_mfu12,pred_diff_t6,-.0866244701930518
ccw_simulated,3B_PP_logistic_quad_strat_trunc_mfu12,pred_arm0_t9,.1988492602705231
ccw_simulated,3B_PP_logistic_quad_strat_trunc_mfu12,pred_arm1_t9,.0786808681117389
ccw_simulated,3B_PP_logistic_quad_strat_trunc_mfu12,pred_diff_t9,-.1201683921587842
ccw_simulated,3B_PP_logistic_quad_strat_trunc_mfu12,pred_arm0_t12,.2551079519279085
ccw_simulated,3B_PP_logistic_quad_strat_trunc_mfu12,pred_arm1_t12,.10389194393121
ccw_simulated,3B_PP_logistic_quad_strat_trunc_mfu12,pred_diff_t12,-.1512160079966985
ccw_simulated,3C_PP_logistic_linear_pooled_trunc_mfu12,w_mean,1.004793124317244
ccw_simulated,3C_PP_logistic_linear_pooled_trunc_mfu12,w_sd,.0206176595175387
ccw_simulated,3C_PP_logistic_linear_pooled_trunc_mfu12,w_min,.9596849312581806
ccw_simulated,3C_PP_logistic_linear_pooled_trunc_mfu12,w_max,1.048374798519037
ccw_simulated,3C_PP_logistic_linear_pooled_trunc_mfu12,w_ess,347124.8462821452
ccw_simulated,3C_PP_logistic_linear_pooled_trunc_mfu12,w_n_truncated,6931
ccw_simulated,3C_PP_logistic_linear_pooled_trunc_mfu12,coef,-1.027238211097408
ccw_simulated,3C_PP_logistic_linear_pooled_trunc_mfu12,se,.1749264963017912
ccw_simulated,3C_PP_logistic_linear_pooled_trunc_mfu12,or_hr,.3579943012166404
ccw_simulated,3C_PP_logistic_linear_pooled_trunc_mfu12,pred_arm0_t0,.0204903966977563
ccw_simulated,3C_PP_logistic_linear_pooled_trunc_mfu12,pred_arm1_t0,.007464413018336
ccw_simulated,3C_PP_logistic_linear_pooled_trunc_mfu12,pred_diff_t0,-.0130259836794203
ccw_simulated,3C_PP_logistic_linear_pooled_trunc_mfu12,pred_arm0_t3,.0812367547089917
ccw_simulated,3C_PP_logistic_linear_pooled_trunc_mfu12,pred_arm1_t3,.0303971487784365
ccw_simulated,3C_PP_logistic_linear_pooled_trunc_mfu12,pred_diff_t3,-.0508396059305552
ccw_simulated,3C_PP_logistic_linear_pooled_trunc_mfu12,pred_arm0_t6,.1407280703075717
ccw_simulated,3C_PP_logistic_linear_pooled_trunc_mfu12,pred_arm1_t6,.0541275802671454
ccw_simulated,3C_PP_logistic_linear_pooled_trunc_mfu12,pred_diff_t6,-.0866004900404263
ccw_simulated,3C_PP_logistic_linear_pooled_trunc_mfu12,pred_arm0_t9,.1987571852565735
ccw_simulated,3C_PP_logistic_linear_pooled_trunc_mfu12,pred_arm1_t9,.0786359850100453
ccw_simulated,3C_PP_logistic_linear_pooled_trunc_mfu12,pred_diff_t9,-.1201212002465282
ccw_simulated,3C_PP_logistic_linear_pooled_trunc_mfu12,pred_arm0_t12,.2551299466500857
ccw_simulated,3C_PP_logistic_linear_pooled_trunc_mfu12,pred_arm1_t12,.1038964715479711
ccw_simulated,3C_PP_logistic_linear_pooled_trunc_mfu12,pred_diff_t12,-.1512334751021146
ccw_simulated,3D_PP_cox_quad_strat_trunc_mfu12,coef,-1.006082031201432
ccw_simulated,3D_PP_cox_quad_strat_trunc_mfu12,se,.1725313870054203
ccw_simulated,3D_PP_cox_quad_strat_trunc_mfu12,or_hr,.3656487772917525
ccw_simulated,3E_AT_logistic_quad_strat_trunc_mfu12,w_mean,1.004793124317244
ccw_simulated,3E_AT_logistic_quad_strat_trunc_mfu12,w_sd,.0206176595175387
ccw_simulated,3E_AT_logistic_quad_strat_trunc_mfu12,w_min,.9596849312581806
ccw_simulated,3E_AT_logistic_quad_strat_trunc_mfu12,w_max,1.048374798519037
ccw_simulated,3E_AT_logistic_quad_strat_trunc_mfu12,w_ess,347124.8462821452
ccw_simulated,3E_AT_logistic_quad_strat_trunc_mfu12,w_n_truncated,6931
ccw_simulated,3E_AT_logistic_quad_strat_trunc_mfu12,coef,-1.02717755325218
ccw_simulated,3E_AT_logistic_quad_strat_trunc_mfu12,se,.1749039737195036
ccw_simulated,3E_AT_logistic_quad_strat_trunc_mfu12,or_hr,.358016017038167
ccw_simulated,3E_AT_logistic_quad_strat_trunc_mfu12,pred_arm0_t0,.0204442375302822
ccw_simulated,3E_AT_logistic_quad_strat_trunc_mfu12,pred_arm1_t0,.0074477520107434
ccw_simulated,3E_AT_logistic_quad_strat_trunc_mfu12,pred_diff_t0,-.0129964855195388
ccw_simulated,3E_AT_logistic_quad_strat_trunc_mfu12,pred_arm0_t3,.0811915232272687
ccw_simulated,3E_AT_logistic_quad_strat_trunc_mfu12,pred_arm1_t3,.0303812633031831
ccw_simulated,3E_AT_logistic_quad_strat_trunc_mfu12,pred_diff_t3,-.0508102599240856
ccw_simulated,3E_AT_logistic_quad_strat_trunc_mfu12,pred_arm0_t6,.1407743977182025
ccw_simulated,3E_AT_logistic_quad_strat_trunc_mfu12,pred_arm1_t6,.0541499275251507
ccw_simulated,3E_AT_logistic_quad_strat_trunc_mfu12,pred_diff_t6,-.0866244701930518
ccw_simulated,3E_AT_logistic_quad_strat_trunc_mfu12,pred_arm0_t9,.1988492602705231
ccw_simulated,3E_AT_logistic_quad_strat_trunc_mfu12,pred_arm1_t9,.0786808681117389
ccw_simulated,3E_AT_logistic_quad_strat_trunc_mfu12,pred_diff_t9,-.1201683921587842
ccw_simulated,3E_AT_logistic_quad_strat_trunc_mfu12,pred_arm0_t12,.2551079519279085
ccw_simulated,3E_AT_logistic_quad_strat_trunc_mfu12,pred_arm1_t12,.10389194393121
ccw_simulated,3E_AT_logistic_quad_strat_trunc_mfu12,pred_diff_t12,-.1512160079966985
null_effect,4A_ITT_logistic_quad,coef,.0129557177420979
null_effect,4A_ITT_logistic_quad,se,.1404980971553254
null_effect,4A_ITT_logistic_quad,or_hr,1.01304000666771
null_effect,4A_ITT_logistic_quad,pred_arm0_t0,.012420652576582
null_effect,4A_ITT_logistic_quad,pred_arm1_t0,.0125804161027364
null_effect,4A_ITT_logistic_quad,pred_diff_t0,.0001597635261544
null_effect,4A_ITT_logistic_quad,pred_arm0_t3,.0522739286030959
null_effect,4A_ITT_logistic_quad,pred_arm1_t3,.0529309073295834
null_effect,4A_ITT_logistic_quad,pred_diff_t3,.0006569787264875
null_effect,4A_ITT_logistic_quad,pred_arm0_t6,.0933485363700469
null_effect,4A_ITT_logistic_quad,pred_arm1_t6,.0944929552154329
null_effect,4A_ITT_logistic_quad,pred_diff_t6,.001144418845386
null_effect,4A_ITT_logistic_quad,pred_arm0_t9,.1321775173606226
null_effect,4A_ITT_logistic_quad,pred_arm1_t9,.1337588066610395
null_effect,4A_ITT_logistic_quad,pred_diff_t9,.0015812893004169
null_effect,4A_ITT_logistic_quad,pred_arm0_t12,.1659748447899807
null_effect,4A_ITT_logistic_quad,pred_arm1_t12,.1679169972259734
null_effect,4A_ITT_logistic_quad,pred_diff_t12,.0019421524359927
null_effect,4A_ITT_logistic_quad,pred_arm0_t14,.1848697300199831
null_effect,4A_ITT_logistic_quad,pred_arm1_t14,.1870056019944696
null_effect,4A_ITT_logistic_quad,pred_diff_t14,.0021358719744865
null_effect,4B_PP_logistic_quad_strat_trunc,w_mean,.9984165073651201
null_effect,4B_PP_logistic_quad_strat_trunc,w_sd,.0674492088937155
null_effect,4B_PP_logistic_quad_strat_trunc,w_min,.7283783361902135
null_effect,4B_PP_logistic_quad_strat_trunc,w_max,1.334696556763022
null_effect,4B_PP_logistic_quad_strat_trunc,w_ess,53680.01764173809
null_effect,4B_PP_logistic_quad_strat_trunc,w_n_truncated,1078
null_effect,4B_PP_logistic_quad_strat_trunc,coef,.118437415880704
null_effect,4B_PP_logistic_quad_strat_trunc,se,.2168823603280909
null_effect,4B_PP_logistic_quad_strat_trunc,or_hr,1.125736418674991
null_effect,4B_PP_logistic_quad_strat_trunc,pred_arm0_t0,.011952209331922
null_effect,4B_PP_logistic_quad_strat_trunc,pred_arm1_t0,.0134329888446311
null_effect,4B_PP_logistic_quad_strat_trunc,pred_diff_t0,.0014807795127091
null_effect,4B_PP_logistic_quad_strat_trunc,pred_arm0_t3,.0503581293516052
null_effect,4B_PP_logistic_quad_strat_trunc,pred_arm1_t3,.0564430012605343
null_effect,4B_PP_logistic_quad_strat_trunc,pred_diff_t3,.0060848719089291
null_effect,4B_PP_logistic_quad_strat_trunc,pred_arm0_t6,.088724937950547
null_effect,4B_PP_logistic_quad_strat_trunc,pred_arm1_t6,.0991732234667071
null_effect,4B_PP_logistic_quad_strat_trunc,pred_diff_t6,.0104482855161601
null_effect,4B_PP_logistic_quad_strat_trunc,pred_arm0_t9,.1224621555630595
null_effect,4B_PP_logistic_quad_strat_trunc,pred_arm1_t9,.1365507627748088
null_effect,4B_PP_logistic_quad_strat_trunc,pred_diff_t9,.0140886072117493
null_effect,4B_PP_logistic_quad_strat_trunc,pred_arm0_t12,.1486977403902289
null_effect,4B_PP_logistic_quad_strat_trunc,pred_arm1_t12,.1654891650914428
null_effect,4B_PP_logistic_quad_strat_trunc,pred_diff_t12,.0167914247012139
null_effect,4B_PP_logistic_quad_strat_trunc,pred_arm0_t14,.1616195851372036
null_effect,4B_PP_logistic_quad_strat_trunc,pred_arm1_t14,.1797009372431602
null_effect,4B_PP_logistic_quad_strat_trunc,pred_diff_t14,.0180813521059566
null_effect,4C_ITT_cox_quad,coef,.0128231421302446
null_effect,4C_ITT_cox_quad,se,.1384183442343805
null_effect,4C_ITT_cox_quad,or_hr,1.012905711171344
ipcw_dgp,5A_PP_logistic_quad_iptw_only,w_mean,1.001289658405874
ipcw_dgp,5A_PP_logistic_quad_iptw_only,w_sd,.015740533492111
ipcw_dgp,5A_PP_logistic_quad_iptw_only,w_min,.9248504501627515
ipcw_dgp,5A_PP_logistic_quad_iptw_only,w_max,1.056997490013436
ipcw_dgp,5A_PP_logistic_quad_iptw_only,w_ess,36977.86203500703
ipcw_dgp,5A_PP_logistic_quad_iptw_only,w_n_truncated,738
ipcw_dgp,5A_PP_logistic_quad_iptw_only,coef,-.2339416632863361
ipcw_dgp,5A_PP_logistic_quad_iptw_only,se,.2096686782068034
ipcw_dgp,5A_PP_logistic_quad_iptw_only,or_hr,.7914079826898387
ipcw_dgp,5A_PP_logistic_quad_iptw_only,pred_arm0_t0,.0164866531355372
ipcw_dgp,5A_PP_logistic_quad_iptw_only,pred_arm1_t0,.0131050738927683
ipcw_dgp,5A_PP_logistic_quad_iptw_only,pred_diff_t0,-.0033815792427689
ipcw_dgp,5A_PP_logistic_quad_iptw_only,pred_arm0_t3,.0713716959209443
ipcw_dgp,5A_PP_logistic_quad_iptw_only,pred_arm1_t3,.0571686804211766
ipcw_dgp,5A_PP_logistic_quad_iptw_only,pred_diff_t3,-.0142030154997677
ipcw_dgp,5A_PP_logistic_quad_iptw_only,pred_arm0_t6,.1340274723147664
ipcw_dgp,5A_PP_logistic_quad_iptw_only,pred_arm1_t6,.1083243581104782
ipcw_dgp,5A_PP_logistic_quad_iptw_only,pred_diff_t6,-.0257031142042882
ipcw_dgp,5A_PP_logistic_quad_iptw_only,pred_arm0_t9,.2034580810917999
ipcw_dgp,5A_PP_logistic_quad_iptw_only,pred_arm1_t9,.1661401359758751
ipcw_dgp,5A_PP_logistic_quad_iptw_only,pred_diff_t9,-.0373179451159248
ipcw_dgp,5A_PP_logistic_quad_iptw_only,pred_arm0_t11,.2527365844147293
ipcw_dgp,5A_PP_logistic_quad_iptw_only,pred_arm1_t11,.2079421328551936
ipcw_dgp,5A_PP_logistic_quad_iptw_only,pred_diff_t11,-.0447944515595357
ipcw_dgp,5B_PP_logistic_quad_iptw_ipcw,w_mean,.9965948421523148
ipcw_dgp,5B_PP_logistic_quad_iptw_ipcw,w_sd,.0797368665552856
ipcw_dgp,5B_PP_logistic_quad_iptw_ipcw,w_min,.8147946614075516
ipcw_dgp,5B_PP_logistic_quad_iptw_ipcw,w_max,1.342302528385209
ipcw_dgp,5B_PP_logistic_quad_iptw_ipcw,w_ess,36751.74046797621
ipcw_dgp,5B_PP_logistic_quad_iptw_ipcw,w_n_truncated,739
ipcw_dgp,5B_PP_logistic_quad_iptw_ipcw,coef,-.2488511796135216
ipcw_dgp,5B_PP_logistic_quad_iptw_ipcw,se,.2121147527382334
ipcw_dgp,5B_PP_logistic_quad_iptw_ipcw,or_hr,.7796959994109353
ipcw_dgp,5B_PP_logistic_quad_iptw_ipcw,pred_arm0_t0,.0165962580558187
ipcw_dgp,5B_PP_logistic_quad_iptw_ipcw,pred_arm1_t0,.0130002535435518
ipcw_dgp,5B_PP_logistic_quad_iptw_ipcw,pred_diff_t0,-.0035960045122669
ipcw_dgp,5B_PP_logistic_quad_iptw_ipcw,pred_arm0_t3,.0718187491442749
ipcw_dgp,5B_PP_logistic_quad_iptw_ipcw,pred_arm1_t3,.0567148198660168
ipcw_dgp,5B_PP_logistic_quad_iptw_ipcw,pred_diff_t3,-.0151039292782581
ipcw_dgp,5B_PP_logistic_quad_iptw_ipcw,pred_arm0_t6,.1352882525476649
ipcw_dgp,5B_PP_logistic_quad_iptw_ipcw,pred_arm1_t6,.1078651197305969
ipcw_dgp,5B_PP_logistic_quad_iptw_ipcw,pred_diff_t6,-.027423132817068
ipcw_dgp,5B_PP_logistic_quad_iptw_ipcw,pred_arm0_t9,.2067072768575159
ipcw_dgp,5B_PP_logistic_quad_iptw_ipcw,pred_arm1_t9,.166659806487519
ipcw_dgp,5B_PP_logistic_quad_iptw_ipcw,pred_diff_t9,-.0400474703699969
ipcw_dgp,5B_PP_logistic_quad_iptw_ipcw,pred_arm0_t11,.2583139296516297
ipcw_dgp,5B_PP_logistic_quad_iptw_ipcw,pred_arm1_t11,.2100178395521688
ipcw_dgp,5B_PP_logistic_quad_iptw_ipcw,pred_diff_t11,-.0482960900994609
ipcw_dgp,5C_PP_cox_quad_iptw_ipcw,coef,-.24455900166308
ipcw_dgp,5C_PP_cox_quad_iptw_ipcw,se,.2070318779807607
ipcw_dgp,5C_PP_cox_quad_iptw_ipcw,or_hr,.7830497857627285
grace_test,6A_PP_logistic_quad_grace0,w_mean,1.001176593289506
grace_test,6A_PP_logistic_quad_grace0,w_sd,.0059453537362008
grace_test,6A_PP_logistic_quad_grace0,w_min,.9698673388923029
grace_test,6A_PP_logistic_quad_grace0,w_max,1.028231738420764
grace_test,6A_PP_logistic_quad_grace0,w_ess,211034.5580706134
grace_test,6A_PP_logistic_quad_grace0,w_n_truncated,4215
grace_test,6A_PP_logistic_quad_grace0,coef,-.2294375126902806
grace_test,6A_PP_logistic_quad_grace0,se,.3332106934373946
grace_test,6A_PP_logistic_quad_grace0,or_hr,.7949806432874851
grace_test,6A_PP_logistic_quad_grace0,n_expanded,211042
grace_test,6A_PP_logistic_quad_grace0,pred_arm0_t0,.001670618946647
grace_test,6A_PP_logistic_quad_grace0,pred_arm1_t0,.0013289242992215
grace_test,6A_PP_logistic_quad_grace0,pred_diff_t0,-.0003416946474255
grace_test,6A_PP_logistic_quad_grace0,pred_arm0_t1,.0042812642044344
grace_test,6A_PP_logistic_quad_grace0,pred_arm1_t1,.0034075812317641
grace_test,6A_PP_logistic_quad_grace0,pred_diff_t1,-.0008736829726703
grace_test,6A_PP_logistic_quad_grace0,pred_arm0_t2,.0079768956600395
grace_test,6A_PP_logistic_quad_grace0,pred_arm1_t2,.0063540354987845
grace_test,6A_PP_logistic_quad_grace0,pred_diff_t2,-.001622860161255
grace_test,6A_PP_logistic_quad_grace0,pred_arm0_t3,.0127164810011764
grace_test,6A_PP_logistic_quad_grace0,pred_arm1_t3,.0101391549360024
grace_test,6A_PP_logistic_quad_grace0,pred_diff_t3,-.002577326065174
grace_test,6A_PP_logistic_quad_grace0,pred_arm0_t4,.0182260820768663
grace_test,6A_PP_logistic_quad_grace0,pred_arm1_t4,.0145476813336148
grace_test,6A_PP_logistic_quad_grace0,pred_diff_t4,-.0036784007432515
grace_test,6A_PP_logistic_quad_grace0,pred_arm0_t5,.0240362523461927
grace_test,6A_PP_logistic_quad_grace0,pred_arm1_t5,.0192060083200813
grace_test,6A_PP_logistic_quad_grace0,pred_diff_t5,-.0048302440261114
grace_test,6A_PP_logistic_quad_grace0,pred_arm0_t6,.0295999094378959
grace_test,6A_PP_logistic_quad_grace0,pred_arm1_t6,.0236751436563744
grace_test,6A_PP_logistic_quad_grace0,pred_diff_t6,-.0059247657815215
grace_test,6A_PP_logistic_quad_grace0,pred_arm0_t7,.0344415354708408
grace_test,6A_PP_logistic_quad_grace0,pred_arm1_t7,.0275706524946638
grace_test,6A_PP_logistic_quad_grace0,pred_diff_t7,-.006870882976177
grace_test,6A_PP_logistic_quad_grace0,pred_arm0_t8,.0382723998859158
grace_test,6A_PP_logistic_quad_grace0,pred_arm1_t8,.0306568844193402
grace_test,6A_PP_logistic_quad_grace0,pred_diff_t8,-.0076155154665756
grace_test,6B_PP_logistic_quad_grace1,w_mean,1.001004001331957
grace_test,6B_PP_logistic_quad_grace1,w_sd,.0047557945453388
grace_test,6B_PP_logistic_quad_grace1,w_min,.9774638900507568
grace_test,6B_PP_logistic_quad_grace1,w_max,1.02409845115037
grace_test,6B_PP_logistic_quad_grace1,w_ess,235793.6776325284
grace_test,6B_PP_logistic_quad_grace1,w_n_truncated,4713
grace_test,6B_PP_logistic_quad_grace1,coef,-.3797668563824851
grace_test,6B_PP_logistic_quad_grace1,se,.2904816509217342
grace_test,6B_PP_logistic_quad_grace1,or_hr,.68402086572259
grace_test,6B_PP_logistic_quad_grace1,n_expanded,235799
grace_test,6B_PP_logistic_quad_grace1,pred_arm0_t0,.0012660935249239
grace_test,6B_PP_logistic_quad_grace1,pred_arm1_t0,.0008666617457874
grace_test,6B_PP_logistic_quad_grace1,pred_diff_t0,-.0003994317791365
grace_test,6B_PP_logistic_quad_grace1,pred_arm0_t1,.00349154059821
grace_test,6B_PP_logistic_quad_grace1,pred_arm1_t1,.0023919404895578
grace_test,6B_PP_logistic_quad_grace1,pred_diff_t1,-.0010996001086522
grace_test,6B_PP_logistic_quad_grace1,pred_arm0_t2,.0069482062285938
grace_test,6B_PP_logistic_quad_grace1,pred_arm1_t2,.0047656652627568
grace_test,6B_PP_logistic_quad_grace1,pred_diff_t2,-.002182540965837
grace_test,6B_PP_logistic_quad_grace1,pred_arm0_t3,.0116923194970878
grace_test,6B_PP_logistic_quad_grace1,pred_arm1_t3,.0080320334880684
grace_test,6B_PP_logistic_quad_grace1,pred_diff_t3,-.0036602860090194
grace_test,6B_PP_logistic_quad_grace1,pred_arm0_t4,.0174485067691045
grace_test,6B_PP_logistic_quad_grace1,pred_arm1_t4,.0120076357309872
grace_test,6B_PP_logistic_quad_grace1,pred_diff_t4,-.0054408710381173
grace_test,6B_PP_logistic_quad_grace1,pred_arm0_t5,.0236294278910452
grace_test,6B_PP_logistic_quad_grace1,pred_arm1_t5,.0162907366264899
grace_test,6B_PP_logistic_quad_grace1,pred_diff_t5,-.0073386912645553
grace_test,6B_PP_logistic_quad_grace1,pred_arm0_t6,.0295105618382318
grace_test,6B_PP_logistic_quad_grace1,pred_arm1_t6,.0203788032566351
grace_test,6B_PP_logistic_quad_grace1,pred_diff_t6,-.0091317585815967
grace_test,6B_PP_logistic_quad_grace1,pred_arm0_t7,.0344744596732411
grace_test,6B_PP_logistic_quad_grace1,pred_arm1_t7,.0238382909104911
grace_test,6B_PP_logistic_quad_grace1,pred_diff_t7,-.01063616876275
grace_test,6B_PP_logistic_quad_grace1,pred_arm0_t8,.0381930892106871
grace_test,6B_PP_logistic_quad_grace1,pred_arm1_t8,.0264349566392612
grace_test,6B_PP_logistic_quad_grace1,pred_diff_t8,-.0117581325714259
grace_test,6C_PP_logistic_quad_grace2,w_mean,1.000728527428796
grace_test,6C_PP_logistic_quad_grace2,w_sd,.0063972919397752
grace_test,6C_PP_logistic_quad_grace2,w_min,.9680905253526371
grace_test,6C_PP_logistic_quad_grace2,w_max,1.035868831903695
grace_test,6C_PP_logistic_quad_grace2,w_ess,259933.3776609521
grace_test,6C_PP_logistic_quad_grace2,w_n_truncated,5194
grace_test,6C_PP_logistic_quad_grace2,coef,-.0575149396200496
grace_test,6C_PP_logistic_quad_grace2,se,.1761938970166611
grace_test,6C_PP_logistic_quad_grace2,or_hr,.9441077856694591
grace_test,6C_PP_logistic_quad_grace2,n_expanded,259944
grace_test,6C_PP_logistic_quad_grace2,pred_arm0_t0,.0015083333839158
grace_test,6C_PP_logistic_quad_grace2,pred_arm1_t0,.001424239633553
grace_test,6C_PP_logistic_quad_grace2,pred_diff_t0,-.0000840937503628
grace_test,6C_PP_logistic_quad_grace2,pred_arm0_t1,.0040040706931112
grace_test,6C_PP_logistic_quad_grace2,pred_arm1_t1,.0037814019125483
grace_test,6C_PP_logistic_quad_grace2,pred_diff_t1,-.0002226687805629
grace_test,6C_PP_logistic_quad_grace2,pred_arm0_t2,.0076864552018312
grace_test,6C_PP_logistic_quad_grace2,pred_arm1_t2,.0072605431020887
grace_test,6C_PP_logistic_quad_grace2,pred_diff_t2,-.0004259120997425
grace_test,6C_PP_logistic_quad_grace2,pred_arm0_t3,.0125317326007149
grace_test,6C_PP_logistic_quad_grace2,pred_arm1_t3,.0118404669757478
grace_test,6C_PP_logistic_quad_grace2,pred_diff_t3,-.0006912656249671
grace_test,6C_PP_logistic_quad_grace2,pred_arm0_t4,.0182204824517969
grace_test,6C_PP_logistic_quad_grace2,pred_arm1_t4,.0172204763859157
grace_test,6C_PP_logistic_quad_grace2,pred_diff_t4,-.0010000060658812
grace_test,6C_PP_logistic_quad_grace2,pred_arm0_t5,.0241860065445304
grace_test,6C_PP_logistic_quad_grace2,pred_arm1_t5,.0228652747626423
grace_test,6C_PP_logistic_quad_grace2,pred_diff_t5,-.0013207317818881
grace_test,6C_PP_logistic_quad_grace2,pred_arm0_t6,.0297795945586677
grace_test,6C_PP_logistic_quad_grace2,pred_arm1_t6,.0281607691865006
grace_test,6C_PP_logistic_quad_grace2,pred_diff_t6,-.0016188253721671
grace_test,6C_PP_logistic_quad_grace2,pred_arm0_t7,.034473403042813
grace_test,6C_PP_logistic_quad_grace2,pred_arm1_t7,.032606275330255
grace_test,6C_PP_logistic_quad_grace2,pred_diff_t7,-.001867127712558
grace_test,6C_PP_logistic_quad_grace2,pred_arm0_t8,.0379999110999846
grace_test,6C_PP_logistic_quad_grace2,pred_arm1_t8,.0359472647567374
grace_test,6C_PP_logistic_quad_grace2,pred_diff_t8,-.0020526463432472
